-- phpMyAdmin SQL Dump
-- version 5.2.1
-- https://www.phpmyadmin.net/
--
-- Хост: localhost
-- Время создания: Авг 20 2024 г., 12:12
-- Версия сервера: 8.0.36
-- Версия PHP: 8.2.19

SET SQL_MODE = "NO_AUTO_VALUE_ON_ZERO";
START TRANSACTION;
SET time_zone = "+00:00";


/*!40101 SET @OLD_CHARACTER_SET_CLIENT=@@CHARACTER_SET_CLIENT */;
/*!40101 SET @OLD_CHARACTER_SET_RESULTS=@@CHARACTER_SET_RESULTS */;
/*!40101 SET @OLD_COLLATION_CONNECTION=@@COLLATION_CONNECTION */;
/*!40101 SET NAMES utf8mb4 */;

--
-- База данных: `portal_vkazym_v2.0.0`
--

-- --------------------------------------------------------

--
-- Структура таблицы `applications`
--

CREATE TABLE `applications` (
                                `id` int NOT NULL,
                                `user_id` int NOT NULL,
                                `title` varchar(128) CHARACTER SET utf8mb4 COLLATE utf8mb4_general_ci DEFAULT NULL,
                                `content` text CHARACTER SET utf8mb4 COLLATE utf8mb4_general_ci NOT NULL,
                                `status` tinyint(1) NOT NULL DEFAULT '0',
                                `date` datetime NOT NULL DEFAULT CURRENT_TIMESTAMP
) ENGINE=InnoDB DEFAULT CHARSET=utf8mb4 COLLATE=utf8mb4_general_ci;

--
-- Дамп данных таблицы `applications`
--

INSERT INTO `applications` (`id`, `user_id`, `title`, `content`, `status`, `date`) VALUES
                                                                                       (2, 24, 'ываммавммвмвмвмвмвавма', 'вамвмвмамвмаммввм', 2, '2024-07-23 14:49:20'),
                                                                                       (3, 30, 'ЗАГОловок', 'Текстататата', 0, '2024-07-23 16:00:00'),
                                                                                       (4, 26, 'ТТТЕММа', 'ТЕксста ТЕксста ТЕксста ТЕксста', 0, '2024-07-24 10:49:20'),
                                                                                       (5, 26, '', 'выаааааааааа', 0, '2024-07-22 11:29:20'),
                                                                                       (6, 26, '', 'авпымводшмв', 0, '2024-07-25 14:49:20'),
                                                                                       (7, 26, '', 'дщдщдolololooolooolo', 2, '2024-07-25 10:45:48'),
                                                                                       (8, 26, '', 'ещё заявввввккакакакакаааа', 0, '2024-07-25 14:49:20'),
                                                                                       (9, 29, 'ТЕмамамама', 'Соедержаниееееее Соедержаниееееее Соедержаниееееее Соедержаниееееее Соедержаниееееее Соедержаниееееее Соедержаниееееее Соедержаниееееее Соедержаниееееее Соедержаниееееее Соедержаниееееее Соедержаниееееее Соедержаниееееее Соедержаниееееее Соедержаниееееее Соедержаниееееее Соедержаниееееее Соедержаниееееее Соедержаниееееее Соедержаниееееее Соедержаниееееее Соедержаниееееее Соедержаниееееее Соедержаниееееее Соедержаниееееее Соедержаниееееее Соедержаниееееее Соедержаниееееее Соедержаниееееее Соедержаниееееее Соедержаниееееее Соедержаниееееее Соедержаниееееее Соедержаниееееее Соедержаниееееее Соедержаниееееее Соедержаниееееее Соедержаниееееее Соедержаниееееее Соедержаниееееее Соедержаниееееее Соедержаниееееее Соедержаниееееее Соедержаниееееее Соедержаниееееее Соедержаниееееее Соедержаниееееее Соедержаниееееее ', 1, '2024-07-24 16:51:33'),
                                                                                       (11, 29, 'Тема Тема Тема Тема Тема Тема Тема Тема Тема Тема Тема Тема Тема Тема Тема Тема Тема Тема ', 'СОдержание СОдержание СОдержание СОдержание СОдержание СОдержание СОдержание СОдержание СОдержание СОдержание СОдержание СОдержание СОдержание СОдержание СОдержание СОдержание СОдержание СОдержание СОдержание СОдержание СОдержание СОдержание СОдержание СОдержание СОдержание ', 1, '2024-07-25 14:49:20'),
                                                                                       (12, 29, 'ТемаТемаТемаТемаТемаТемаТемаТемаТемаТемаТемаТемаТемаТемаТемаТемаТемаТемаТемаТемаТемаТемаТемаТемаТема ', 'СОЕДЕОСОЕДЕОСОЕДЕОСОЕДЕОСОЕДЕОСОЕДЕОСОЕДЕО  СОЕДЕОСОЕДЕОСОЕДЕОСОЕДЕОСОЕДЕОСОЕДЕОСОЕДЕО  СОЕДЕОСОЕДЕОСОЕДЕОСОЕДЕОСОЕДЕОСОЕДЕОСОЕДЕО  СОЕДЕОСОЕДЕОСОЕДЕОСОЕДЕОСОЕДЕОСОЕДЕОСОЕДЕО  СОЕДЕОСОЕДЕОСОЕДЕОСОЕДЕОСОЕДЕОСОЕДЕОСОЕДЕО  СОЕДЕОСОЕДЕОСОЕДЕОСОЕДЕОСОЕДЕОСОЕДЕОСОЕДЕО  СОЕДЕОСОЕДЕОСОЕДЕОСОЕДЕОСОЕДЕОСОЕДЕОСОЕДЕО  СОЕДЕОСОЕДЕОСОЕДЕОСОЕДЕОСОЕДЕОСОЕДЕОСОЕДЕО  СОЕДЕОСОЕДЕОСОЕДЕОСОЕДЕОСОЕДЕОСОЕДЕОСОЕДЕО  СОЕДЕОСОЕДЕОСОЕДЕОСОЕДЕОСОЕДЕОСОЕДЕОСОЕДЕО  СОЕДЕОСОЕДЕОСОЕДЕОСОЕДЕОСОЕДЕОСОЕДЕОСОЕДЕО  СОЕДЕОСОЕДЕОСОЕДЕОСОЕДЕОСОЕДЕОСОЕДЕОСОЕДЕО  СОЕДЕОСОЕДЕОСОЕДЕОСОЕДЕОСОЕДЕОСОЕДЕОСОЕДЕО  СОЕДЕОСОЕДЕОСОЕДЕОСОЕДЕОСОЕДЕОСОЕДЕОСОЕДЕО  СОЕДЕОСОЕДЕОСОЕДЕОСОЕДЕОСОЕДЕОСОЕДЕОСОЕДЕО  ', 1, '2024-07-25 14:49:20'),
                                                                                       (13, 29, '', 'СОЕДЕОСОЕДЕОСОЕДЕОСОЕДЕОСОЕДЕОСОЕДЕСОЕДЕОСОЕДЕОСОЕДЕОСОЕДЕОСОЕДЕОСОЕДЕСОЕДЕОСОЕДЕОСОЕДЕОСОЕДЕОСОЕДЕОСОЕДЕСОЕДЕОСОЕДЕОСОЕДЕОСОЕДЕОСОЕДЕОСОЕДЕСОЕДЕОСОЕДЕОСОЕДЕОСОЕДЕОСОЕДЕОСОЕДЕСОЕДЕОСОЕДЕОСОЕДЕОСОЕДЕОСОЕДЕОСОЕДЕСОЕДЕОСОЕДЕОСОЕДЕОСОЕДЕОСОЕДЕОСОЕДЕСОЕДЕОСОЕДЕОСОЕДЕОСОЕДЕОСОЕДЕОСОЕДЕСОЕДЕОСОЕДЕОСОЕДЕОСОЕДЕОСОЕДЕОСОЕДЕСОЕДЕОСОЕДЕОСОЕДЕОСОЕДЕОСОЕДЕОСОЕДЕСОЕДЕОСОЕДЕОСОЕДЕОСОЕДЕОСОЕДЕОСОЕДЕСОЕДЕОСОЕДЕОСОЕДЕОСОЕДЕОСОЕДЕОСОЕДЕСОЕДЕОСОЕДЕОСОЕДЕОСОЕДЕОСОЕДЕОСОЕДЕСОЕДЕОСОЕДЕОСОЕДЕОСОЕДЕОСОЕДЕОСОЕДЕСОЕДЕОСОЕДЕОСОЕДЕОСОЕДЕОСОЕДЕОСОЕДЕСОЕДЕОСОЕДЕОСОЕДЕОСОЕДЕОСОЕДЕОСОЕДЕСОЕДЕОСОЕДЕОСОЕДЕОСОЕДЕОСОЕДЕОСОЕДЕСОЕДЕОСОЕДЕОСОЕДЕОСОЕДЕОСОЕДЕОСОЕДЕСОЕДЕОСОЕДЕОСОЕДЕОСОЕДЕОСОЕДЕОСОЕДЕСОЕДЕОСОЕДЕОСОЕДЕОСОЕДЕОСОЕДЕОСОЕДЕСОЕДЕОСОЕДЕОСОЕДЕОСОЕДЕОСОЕДЕОСОЕДЕСОЕДЕОСОЕДЕОСОЕДЕОСОЕДЕОСОЕДЕОСОЕДЕСОЕДЕОСОЕДЕОСОЕДЕОСОЕДЕОСОЕДЕОСОЕДЕ', 2, '2024-07-22 19:54:38'),
                                                                                       (14, 29, 'ffffffffff', 'xxxxxxxxxxxxxxxxxcccccccccccccccccccc', 1, '2024-07-23 16:35:06'),
                                                                                       (15, 27, 'fsf', 'fffffffffffffffffffffffffffffffffffff', 3, '2024-07-25 14:49:20'),
                                                                                       (16, 27, 'ЗАПРОС', 'ЗЗЗАЗАЗАЗАЗ', 2, '2024-07-24 12:30:20'),
                                                                                       (17, 27, 'sdfffffff', 'sdfsccccccccccccccccccccc', 2, '2024-07-24 17:40:36'),
                                                                                       (18, 27, 'sdd', 'cccccccccccccccccccccccccccccccccccccccccxxxxx', 2, '2024-07-25 14:49:20'),
                                                                                       (19, 25, 'njfkl', 'vvvvvvvvvvvvvvvvvv', 2, '2024-07-24 19:54:52'),
                                                                                       (20, 25, 'ffffffff', 'ffffff', 3, '2024-07-25 14:49:20'),
                                                                                       (24, 27, 'Тема', 'Содержание', 1, '2024-07-29 11:38:54'),
                                                                                       (25, 29, 'fdfdf', 'vvvvvvcccc', 0, '2024-08-20 09:06:22'),
                                                                                       (26, 29, '', 'dfgdfvfdvdv', 0, '2024-08-20 09:08:47'),
                                                                                       (27, 29, 'dfvv', 'vbvbvbvbvbbv', 0, '2024-08-20 09:09:49'),
                                                                                       (28, 29, '', 'fvfvffffffff', 0, '2024-08-20 09:10:10'),
                                                                                       (29, 27, '', 'sdsdcscdsc', 0, '2024-08-20 16:37:15');

-- --------------------------------------------------------

--
-- Структура таблицы `application_status`
--

CREATE TABLE `application_status` (
                                      `id` int NOT NULL,
                                      `value` tinyint NOT NULL,
                                      `transcript` varchar(255) CHARACTER SET utf8mb4 COLLATE utf8mb4_general_ci NOT NULL
) ENGINE=InnoDB DEFAULT CHARSET=utf8mb4 COLLATE=utf8mb4_general_ci;

--
-- Дамп данных таблицы `application_status`
--

INSERT INTO `application_status` (`id`, `value`, `transcript`) VALUES
                                                                   (1, 0, 'Заявка в очереди на рассмотрение'),
                                                                   (2, 1, 'Заявка в работе'),
                                                                   (3, 2, 'Заявка выполнена'),
                                                                   (4, 3, 'Заявка отклонена');

-- --------------------------------------------------------

--
-- Структура таблицы `companies`
--

CREATE TABLE `companies` (
                             `id` int NOT NULL,
                             `firm` varchar(255) CHARACTER SET utf8mb4 COLLATE utf8mb4_general_ci NOT NULL,
                             `location` varchar(255) CHARACTER SET utf8mb4 COLLATE utf8mb4_general_ci DEFAULT NULL
) ENGINE=InnoDB DEFAULT CHARSET=utf8mb4 COLLATE=utf8mb4_general_ci;

--
-- Дамп данных таблицы `companies`
--

INSERT INTO `companies` (`id`, `firm`, `location`) VALUES
                                                       (1, 'АЗТПА', 'Россия'),
                                                       (2, 'Волгограднефтемаш', 'Россия'),
                                                       (3, 'Уралхиммаш', 'Россия'),
                                                       (4, 'Грове', 'Италия'),
                                                       (5, 'Дзержинскхиммаш', 'Россия'),
                                                       (6, 'JSW', 'Япония'),
                                                       (7, 'Борзиг', 'Германия'),
                                                       (8, 'Китамура', 'Япония'),
                                                       (9, 'Кобе Стил', 'Япония'),
                                                       (10, 'Минхиммаш', 'Россия'),
                                                       (11, 'Петрозаводскбуммаш', 'Россия'),
                                                       (12, 'Сигма Дольни Бенешов', 'Чехия'),
                                                       (13, 'Усть-Каменогорский АЗ', 'Казахстан'),
                                                       (14, 'Цимлянский МЗ', 'Россия'),
                                                       (15, 'ЧКД Бланско', 'Чехия'),
                                                       (16, 'Электрохимприбор', 'Россия'),
                                                       (17, 'Биффи', 'Италия'),
                                                       (18, 'Днепртяжбуммаш', 'Украина'),
                                                       (19, 'Ледиин', 'Италия');

-- --------------------------------------------------------

--
-- Структура таблицы `crane_classes`
--

CREATE TABLE `crane_classes` (
                                 `id` int NOT NULL,
                                 `name` varchar(31) CHARACTER SET utf8mb4 COLLATE utf8mb4_general_ci NOT NULL
) ENGINE=InnoDB DEFAULT CHARSET=utf8mb4 COLLATE=utf8mb4_general_ci;

--
-- Дамп данных таблицы `crane_classes`
--

INSERT INTO `crane_classes` (`id`, `name`) VALUES
                                               (6, 'Линейный'),
                                               (4, 'Перемычка'),
                                               (8, 'Северная перемычка(СП)'),
                                               (3, 'Южная перемычка(ЮП)');

-- --------------------------------------------------------

--
-- Структура таблицы `document_cranes`
--

CREATE TABLE `document_cranes` (
                                   `id` int NOT NULL,
                                   `id_fitting` int NOT NULL,
                                   `document_url` varchar(1023) COLLATE utf8mb4_general_ci NOT NULL,
                                   `name` varchar(511) COLLATE utf8mb4_general_ci NOT NULL
) ENGINE=InnoDB DEFAULT CHARSET=utf8mb4 COLLATE=utf8mb4_general_ci;

--
-- Дамп данных таблицы `document_cranes`
--

INSERT INTO `document_cranes` (`id`, `id_fitting`, `document_url`, `name`) VALUES
                                                                               (9, 9, 'http://localhost/portal_vkazym/app/assets/crane_data/Уренгой-Ужгород/Линейный_на ЛК_538_538-1.3/documents/car.png', 'car.png'),
                                                                               (10, 9, 'http://localhost/portal_vkazym/app/assets/crane_data/Уренгой-Ужгород/Линейный_на ЛК_538_538-1.3/documents/PDF.pdf', 'PDF.pdf'),
                                                                               (11, 8, 'http://localhost/portal_vkazym/app/assets/crane_data/Уренгой-Центр 2/Линейный_на ЛК_539_539-3.3/documents/PDF.pdf', 'PDF.pdf'),
                                                                               (12, 7, 'http://localhost/portal_vkazym/app/assets/crane_data/Уренгой-Центр 2/Линейный_на ЛК_539_539-3.2/documents/downArrow.png', 'downArrow.png'),
                                                                               (13, 538, 'http://localhost/portal_vkazym/app/assets/crane_data/Ямбург-Поволжье/Линейный_Свечной_683.6_683-9.3/documents/PDF.pdf', 'PDF.pdf'),
                                                                               (14, 579, 'http://localhost/portal_vkazym/app/assets/crane_data/Ямбург-Тула 1/Линейный_Свечной_690.7_690-7.3/documents/PDF.pdf', 'PDF.pdf'),
                                                                               (31, 311, 'http://localhost/portal_vkazym/app/assets/crane_data/СРТО-Урал/Линейный_Свечной_683.3_683-10.3/documents/downArrow.png', 'downArrow.png'),
                                                                               (32, 311, 'http://localhost/portal_vkazym/app/assets/crane_data/СРТО-Урал/Линейный_Свечной_683.3_683-10.3/documents/car.png', 'car.png'),
                                                                               (33, 311, 'http://localhost/portal_vkazym/app/assets/crane_data/СРТО-Урал/Линейный_Свечной_683.3_683-10.3/documents/кран.png', 'кран.png'),
                                                                               (34, 311, 'http://localhost/portal_vkazym/app/assets/crane_data/СРТО-Урал/Линейный_Свечной_683.3_683-10.3/documents/save.png', 'save.png'),
                                                                               (36, 6, 'http://localhost/portal_vkazym/app/assets/crane_data/Уренгой-Центр 2/Перемычка_Стояк отбора газа_853.9_853-1/documents/PDF.pdf', 'PDF.pdf');

-- --------------------------------------------------------

--
-- Структура таблицы `drives`
--

CREATE TABLE `drives` (
                          `id` int NOT NULL,
                          `type_drive` varchar(63) CHARACTER SET utf8mb4 COLLATE utf8mb4_general_ci NOT NULL,
                          `company` varchar(255) CHARACTER SET utf8mb4 COLLATE utf8mb4_general_ci NOT NULL,
                          `factory_number` varchar(127) CHARACTER SET utf8mb4 COLLATE utf8mb4_general_ci DEFAULT NULL,
                          `liquid` varchar(63) CHARACTER SET utf8mb4 COLLATE utf8mb4_general_ci DEFAULT NULL,
                          `year_commission` year NOT NULL
) ENGINE=InnoDB DEFAULT CHARSET=utf8mb4 COLLATE=utf8mb4_general_ci;

--
-- Дамп данных таблицы `drives`
--

INSERT INTO `drives` (`id`, `type_drive`, `company`, `factory_number`, `liquid`, `year_commission`) VALUES
                                                                                                        (1, 'Пневмогидравлический с ААЗК', 'Волгограднефтемаш', '', NULL, '1986'),
                                                                                                        (3, 'Пневмогидравлический', 'Волгограднефтемаш', '587', 'ПМС-20 Югра', '2005'),
                                                                                                        (4, 'Пневмогидравлический', 'Волгограднефтемаш', NULL, 'ПМС-20 Югра', '2005'),
                                                                                                        (5, 'Пневмогидравлический', 'Уралхиммаш', '7679', 'ПМС-20 Югра', '1986'),
                                                                                                        (6, 'Пневмогидравлический', 'Волгограднефтемаш', '2545', 'ПМС-20 Югра', '2007'),
                                                                                                        (7, 'Пневмогидравлический', 'Грове', NULL, 'ПМС-20 Югра', '1984'),
                                                                                                        (8, 'Пневмогидравлический', 'Грове', NULL, 'ПМС-20 Югра', '1984'),
                                                                                                        (9, 'Пневмогидравлический', 'Грове', NULL, 'ПМС-20 Югра', '1984'),
                                                                                                        (10, 'Пневмогидравлический', 'Дзержинскхиммаш', '9520', 'ПМС-20 Югра', '1986'),
                                                                                                        (11, 'Ручной', 'Уралхиммаш', NULL, NULL, '1988'),
                                                                                                        (12, 'Ручной', 'АЗТПА', NULL, NULL, '1983'),
                                                                                                        (13, 'Пневмогидравлический', 'Минхиммаш', NULL, NULL, '1983'),
                                                                                                        (14, 'Ручной', 'АЗТПА', NULL, NULL, '1983'),
                                                                                                        (15, 'Пневмогидравлический', 'Китамура', NULL, NULL, '1983'),
                                                                                                        (16, 'Пневмогидравлический', 'Дзержинскхиммаш', NULL, NULL, '1983'),
                                                                                                        (17, 'Пневмогидравлический', 'Китамура', NULL, NULL, '1983'),
                                                                                                        (18, 'Пневмогидравлический', 'Китамура', NULL, NULL, '1983'),
                                                                                                        (19, 'Пневмогидравлический', 'Китамура', NULL, NULL, '1983'),
                                                                                                        (20, 'Пневмогидравлический', 'АЗТПА', NULL, NULL, '1983'),
                                                                                                        (21, 'Ручной', 'Грове', NULL, NULL, '1983'),
                                                                                                        (22, 'Ручной', 'Грове', NULL, NULL, '1983'),
                                                                                                        (23, 'Пневмогидравлический', 'Китамура', NULL, NULL, '1983'),
                                                                                                        (24, 'Пневмогидравлический', 'Китамура', NULL, NULL, '1983'),
                                                                                                        (25, 'Ручной', 'Грове', NULL, NULL, '1983'),
                                                                                                        (26, 'Ручной', 'Грове', NULL, NULL, '1983'),
                                                                                                        (27, 'Ручной', 'Грове', NULL, NULL, '1983'),
                                                                                                        (28, 'Пневмогидравлический', 'Китамура', NULL, NULL, '1983'),
                                                                                                        (29, 'Ручной', 'Грове', NULL, NULL, '1983'),
                                                                                                        (30, 'Пневмогидравлический', 'Китамура', NULL, NULL, '1983'),
                                                                                                        (31, 'Пневмогидравлический', 'Китамура', NULL, NULL, '1983'),
                                                                                                        (32, 'Пневмогидравлический', 'Китамура', NULL, NULL, '1983'),
                                                                                                        (33, 'Пневмогидравлический', 'Китамура', NULL, NULL, '1983'),
                                                                                                        (34, 'Пневмогидравлический', 'Китамура', NULL, NULL, '1983'),
                                                                                                        (35, 'Пневмогидравлический', 'Кобе Стил', NULL, NULL, '1983'),
                                                                                                        (36, 'Пневмогидравлический', 'Грове', NULL, NULL, '1983'),
                                                                                                        (37, 'Ручной', 'Грове', NULL, NULL, '1983'),
                                                                                                        (38, 'Ручной', 'Грове', NULL, NULL, '1983'),
                                                                                                        (39, 'Ручной', 'Грове', NULL, NULL, '1983'),
                                                                                                        (40, 'Пневмогидравлический', 'Китамура', NULL, NULL, '1983'),
                                                                                                        (41, 'Пневмогидравлический', 'Китамура', NULL, NULL, '1983'),
                                                                                                        (42, 'Пневмогидравлический', 'Китамура', NULL, NULL, '1983'),
                                                                                                        (43, 'Пневмогидравлический', 'Китамура', NULL, NULL, '1983'),
                                                                                                        (44, 'Пневмогидравлический', 'Грове', NULL, NULL, '1983'),
                                                                                                        (45, 'Пневмогидравлический', 'Грове', NULL, NULL, '1983'),
                                                                                                        (46, 'Пневмогидравлический', 'Грове', NULL, NULL, '1983'),
                                                                                                        (47, 'Пневмогидравлический', 'Китамура', NULL, NULL, '1983'),
                                                                                                        (48, 'Пневмогидравлический', 'Грове', NULL, NULL, '1983'),
                                                                                                        (49, 'Пневмогидравлический', 'Грове', NULL, NULL, '1983'),
                                                                                                        (50, 'Пневмогидравлический', 'Грове', NULL, NULL, '1984'),
                                                                                                        (51, 'Пневмогидравлический', 'Грове', NULL, NULL, '1984'),
                                                                                                        (52, 'Пневмогидравлический', 'Грове', NULL, NULL, '1984'),
                                                                                                        (53, 'Пневмогидравлический', 'Грове', NULL, NULL, '1984'),
                                                                                                        (54, 'Ручной', 'Грове', NULL, NULL, '1983'),
                                                                                                        (55, 'Ручной', 'Грове', NULL, NULL, '1983'),
                                                                                                        (56, 'Ручной', 'Грове', NULL, NULL, '1983'),
                                                                                                        (57, 'Ручной', 'Грове', NULL, NULL, '1983'),
                                                                                                        (58, 'Ручной', 'Грове', NULL, NULL, '1983'),
                                                                                                        (59, 'Ручной', 'Грове', NULL, NULL, '1983'),
                                                                                                        (60, 'Ручной', 'Грове', NULL, NULL, '1983'),
                                                                                                        (61, 'Ручной', 'Грове', NULL, NULL, '1983'),
                                                                                                        (62, 'Ручной', 'Грове', NULL, NULL, '1983'),
                                                                                                        (63, 'Пневмогидравлический', 'Грове', NULL, NULL, '1983'),
                                                                                                        (64, 'Ручной', 'Грове', NULL, NULL, '1983'),
                                                                                                        (65, 'Ручной', 'Грове', NULL, NULL, '1983'),
                                                                                                        (66, 'Пневмогидравлический', 'Грове', NULL, NULL, '1983'),
                                                                                                        (67, 'Пневмогидравлический', 'Грове', NULL, NULL, '1983'),
                                                                                                        (68, 'Пневмогидравлический', 'Грове', NULL, NULL, '1984'),
                                                                                                        (69, 'Пневмогидравлический', 'Китамура', NULL, NULL, '1984'),
                                                                                                        (70, 'Пневмогидравлический', 'Китамура', NULL, NULL, '1984'),
                                                                                                        (71, 'Ручной', 'Грове', NULL, NULL, '1983'),
                                                                                                        (72, 'Пневмогидравлический', 'Грове', NULL, NULL, '1983'),
                                                                                                        (73, 'Ручной', 'Грове', NULL, NULL, '1983'),
                                                                                                        (74, 'Пневмогидравлический', 'Грове', NULL, NULL, '1983'),
                                                                                                        (75, 'Пневмогидравлический', 'Грове', NULL, NULL, '1983'),
                                                                                                        (76, 'Пневмогидравлический', 'Грове', NULL, NULL, '1983'),
                                                                                                        (77, 'Пневмогидравлический', 'Грове', NULL, NULL, '1983'),
                                                                                                        (78, 'Пневмогидравлический', 'Грове', NULL, NULL, '1983'),
                                                                                                        (79, 'Пневмогидравлический', 'Грове', NULL, NULL, '1983'),
                                                                                                        (80, 'Ручной', 'Грове', NULL, NULL, '1983'),
                                                                                                        (81, 'Пневмогидравлический', 'Грове', NULL, NULL, '1983'),
                                                                                                        (82, 'Пневмогидравлический', 'Грове', NULL, NULL, '1983'),
                                                                                                        (83, 'Пневмогидравлический', 'Грове', NULL, NULL, '1983'),
                                                                                                        (84, 'Пневмогидравлический', 'Грове', NULL, NULL, '1983'),
                                                                                                        (85, 'Пневмогидравлический', 'Грове', NULL, NULL, '1985'),
                                                                                                        (86, 'Пневмогидравлический', 'Грове', NULL, NULL, '1985'),
                                                                                                        (87, 'Пневмогидравлический', 'Китамура', NULL, NULL, '1985'),
                                                                                                        (88, 'Ручной', 'Грове', NULL, NULL, '1983'),
                                                                                                        (89, 'Ручной', 'Грове', NULL, NULL, '1983'),
                                                                                                        (90, 'Ручной', 'Грове', NULL, NULL, '1983'),
                                                                                                        (91, 'Ручной', 'Грове', NULL, NULL, '1983'),
                                                                                                        (92, 'Ручной', 'Грове', NULL, NULL, '1983'),
                                                                                                        (93, 'Ручной', 'Грове', NULL, NULL, '1983'),
                                                                                                        (94, 'Ручной', 'Грове', NULL, NULL, '1983'),
                                                                                                        (95, 'Ручной', 'АЗТПА', NULL, NULL, '1983'),
                                                                                                        (96, 'Ручной', 'Грове', NULL, NULL, '1983'),
                                                                                                        (97, 'Пневмогидравлический', 'Грове', NULL, NULL, '1983'),
                                                                                                        (98, 'Ручной', 'Грове', NULL, NULL, '1983'),
                                                                                                        (99, 'Ручной', 'Грове', NULL, NULL, '1983'),
                                                                                                        (100, 'Ручной', 'Грове', NULL, NULL, '1983'),
                                                                                                        (101, 'Ручной', 'Грове', NULL, NULL, '1983'),
                                                                                                        (102, 'Ручной', 'Грове', NULL, NULL, '1985'),
                                                                                                        (103, 'Пневмогидравлический', 'Дзержинскхиммаш', NULL, NULL, '1985'),
                                                                                                        (104, 'Пневмогидравлический', 'Дзержинскхиммаш', NULL, NULL, '1985'),
                                                                                                        (105, 'Пневмогидравлический', 'Грове', NULL, NULL, '1985'),
                                                                                                        (106, 'Пневмогидравлический', 'Грове', NULL, NULL, '1985'),
                                                                                                        (107, 'Пневмогидравлический', 'Грове', NULL, NULL, '1985'),
                                                                                                        (108, 'Пневмогидравлический', 'Китамура', NULL, NULL, '1983'),
                                                                                                        (109, 'Ручной', 'Грове', NULL, NULL, '1983'),
                                                                                                        (110, 'Ручной', 'Грове', NULL, NULL, '1985'),
                                                                                                        (111, 'Ручной', 'Грове', NULL, NULL, '1985'),
                                                                                                        (112, 'Ручной', 'Грове', NULL, NULL, '1985'),
                                                                                                        (113, 'Ручной', 'Грове', NULL, NULL, '1985'),
                                                                                                        (114, 'Ручной', 'Грове', NULL, NULL, '1985'),
                                                                                                        (115, 'Ручной', 'Грове', NULL, NULL, '1985'),
                                                                                                        (116, 'Пневмогидравлический', 'Грове', NULL, NULL, '1983'),
                                                                                                        (117, 'Пневмогидравлический', 'Грове', NULL, NULL, '1983'),
                                                                                                        (118, 'Пневмогидравлический', 'Грове', NULL, NULL, '1985'),
                                                                                                        (119, 'Пневмогидравлический', 'Грове', NULL, NULL, '1985'),
                                                                                                        (120, 'Пневмогидравлический', 'Грове', NULL, NULL, '1985'),
                                                                                                        (121, 'Пневмогидравлический', 'Грове', NULL, NULL, '1985'),
                                                                                                        (122, 'Пневмогидравлический', 'Грове', NULL, NULL, '1985'),
                                                                                                        (123, 'Ручной', 'АЗТПА', NULL, NULL, '1985'),
                                                                                                        (124, 'Ручной', 'Грове', NULL, NULL, '1986'),
                                                                                                        (125, 'Ручной', 'Грове', NULL, NULL, '1986'),
                                                                                                        (126, 'Пневмогидравлический', 'АЗТПА', NULL, NULL, '1986'),
                                                                                                        (127, 'Пневмогидравлический', 'Грове', NULL, NULL, '1986'),
                                                                                                        (128, 'Пневмогидравлический', 'Грове', NULL, NULL, '1986'),
                                                                                                        (129, 'Пневмогидравлический', 'Грове', NULL, NULL, '1986'),
                                                                                                        (130, 'Пневмогидравлический', 'Уралхиммаш', NULL, NULL, '1986'),
                                                                                                        (131, 'Пневмогидравлический', 'Минхиммаш', NULL, NULL, '1985'),
                                                                                                        (132, 'Ручной', 'АЗТПА', NULL, NULL, '1985'),
                                                                                                        (133, 'Ручной', 'АЗТПА', NULL, NULL, '1985'),
                                                                                                        (134, 'Ручной', 'АЗТПА', NULL, NULL, '1985'),
                                                                                                        (135, 'Ручной', 'АЗТПА', NULL, NULL, '1985'),
                                                                                                        (136, 'Ручной', 'АЗТПА', NULL, NULL, '1985'),
                                                                                                        (137, 'Ручной', 'АЗТПА', NULL, NULL, '1986'),
                                                                                                        (138, 'Ручной', 'АЗТПА', NULL, NULL, '1986'),
                                                                                                        (139, 'Ручной', 'АЗТПА', NULL, NULL, '1986'),
                                                                                                        (140, 'Ручной', 'АЗТПА', NULL, NULL, '1986'),
                                                                                                        (141, 'Ручной', 'АЗТПА', NULL, NULL, '1986'),
                                                                                                        (142, 'Ручной', 'АЗТПА', NULL, NULL, '1986'),
                                                                                                        (143, 'Ручной', 'АЗТПА', NULL, NULL, '1986'),
                                                                                                        (144, 'Ручной', 'АЗТПА', NULL, NULL, '1986'),
                                                                                                        (145, 'Ручной', 'АЗТПА', NULL, NULL, '1986'),
                                                                                                        (146, 'Пневмогидравлический', 'АЗТПА', NULL, NULL, '1986'),
                                                                                                        (147, 'Пневмогидравлический', 'АЗТПА', NULL, NULL, '1986'),
                                                                                                        (148, 'Пневмогидравлический', 'АЗТПА', NULL, NULL, '1986'),
                                                                                                        (149, 'Пневмогидравлический', 'АЗТПА', NULL, NULL, '1986'),
                                                                                                        (150, 'Пневмогидравлический', 'Грове', NULL, NULL, '1986'),
                                                                                                        (151, 'Пневмогидравлический', 'Уралхиммаш', NULL, NULL, '1986'),
                                                                                                        (152, 'Ручной', 'АЗТПА', NULL, NULL, '1986'),
                                                                                                        (153, 'Ручной', 'АЗТПА', NULL, NULL, '1986'),
                                                                                                        (154, 'Ручной', 'АЗТПА', NULL, NULL, '1986'),
                                                                                                        (155, 'Пневмогидравлический', 'Минхиммаш', NULL, NULL, '1986'),
                                                                                                        (156, 'Пневмогидравлический', 'Минхиммаш', NULL, NULL, '1986'),
                                                                                                        (157, 'Ручной', 'АЗТПА', NULL, NULL, '1986'),
                                                                                                        (158, 'Ручной', 'АЗТПА', NULL, NULL, '1986'),
                                                                                                        (159, 'Ручной', 'АЗТПА', NULL, NULL, '1986'),
                                                                                                        (160, 'Ручной', 'АЗТПА', NULL, NULL, '1986'),
                                                                                                        (161, 'Ручной', 'АЗТПА', NULL, NULL, '1986'),
                                                                                                        (162, 'Ручной', 'АЗТПА', NULL, NULL, '1986'),
                                                                                                        (163, 'Пневмогидравлический', 'Минхиммаш', NULL, NULL, '1986'),
                                                                                                        (164, 'Пневмогидравлический', 'Минхиммаш', NULL, NULL, '1986'),
                                                                                                        (165, 'Пневмогидравлический', 'Минхиммаш', NULL, NULL, '1986'),
                                                                                                        (166, 'Пневмогидравлический', 'Минхиммаш', NULL, NULL, '1986'),
                                                                                                        (167, 'Пневмогидравлический', 'Грове', NULL, NULL, '1986'),
                                                                                                        (168, 'Пневмогидравлический', 'Грове', NULL, NULL, '1987'),
                                                                                                        (169, 'Пневмогидравлический', 'Грове', NULL, NULL, '1987'),
                                                                                                        (170, 'Пневмогидравлический', 'Дзержинскхиммаш', NULL, NULL, '1987'),
                                                                                                        (171, 'Пневмогидравлический', 'Уралхиммаш', NULL, NULL, '1987'),
                                                                                                        (172, 'Ручной', 'АЗТПА', NULL, NULL, '1986'),
                                                                                                        (173, 'Ручной', 'АЗТПА', NULL, NULL, '1986'),
                                                                                                        (174, 'Ручной', 'АЗТПА', NULL, NULL, '1987'),
                                                                                                        (175, 'Ручной', 'АЗТПА', NULL, NULL, '1987'),
                                                                                                        (176, 'Ручной', 'АЗТПА', NULL, NULL, '1987'),
                                                                                                        (177, 'Ручной', 'АЗТПА', NULL, NULL, '1987'),
                                                                                                        (178, 'Ручной', 'АЗТПА', NULL, NULL, '1986'),
                                                                                                        (179, 'Ручной', 'АЗТПА', NULL, NULL, '1986'),
                                                                                                        (180, 'Ручной', 'АЗТПА', NULL, NULL, '1987'),
                                                                                                        (181, 'Пневмогидравлический', 'Минхиммаш', NULL, NULL, '1987'),
                                                                                                        (182, 'Пневмогидравлический', 'ЧКД Бланско', NULL, NULL, '1987'),
                                                                                                        (183, 'Пневмогидравлический', 'Грове', NULL, NULL, '1987'),
                                                                                                        (184, 'Пневмогидравлический', 'Уралхиммаш', NULL, NULL, '1987'),
                                                                                                        (185, 'Пневмогидравлический', 'Грове', NULL, NULL, '1986'),
                                                                                                        (186, 'Ручной', 'АЗТПА', NULL, NULL, '1986'),
                                                                                                        (187, 'Ручной', 'АЗТПА', NULL, NULL, '1987'),
                                                                                                        (188, 'Ручной', 'АЗТПА', NULL, NULL, '1987'),
                                                                                                        (189, 'Ручной', 'АЗТПА', NULL, NULL, '1987'),
                                                                                                        (190, 'Пневмогидравлический', 'Минхиммаш', NULL, NULL, '1987'),
                                                                                                        (191, 'Пневмогидравлический', 'Грове', NULL, NULL, '1987'),
                                                                                                        (192, 'Пневмогидравлический', 'Грове', NULL, NULL, '1987'),
                                                                                                        (193, 'Пневмогидравлический', 'Грове', NULL, NULL, '1987'),
                                                                                                        (194, 'Ручной', 'АЗТПА', NULL, NULL, '1987'),
                                                                                                        (195, 'Пневмогидравлический', 'ЧКД Бланско', NULL, NULL, '1987'),
                                                                                                        (196, 'Пневмогидравлический', 'Грове', NULL, NULL, '1987'),
                                                                                                        (197, 'Пневмогидравлический', 'Грове', NULL, NULL, '1987'),
                                                                                                        (198, 'Пневмогидравлический', 'АЗТПА', NULL, NULL, '1987'),
                                                                                                        (199, 'Ручной', 'АЗТПА', NULL, NULL, '1987'),
                                                                                                        (200, 'Ручной', 'АЗТПА', NULL, NULL, '1987'),
                                                                                                        (201, 'Ручной', 'АЗТПА', NULL, NULL, '1987'),
                                                                                                        (202, 'Ручной', 'АЗТПА', NULL, NULL, '1987'),
                                                                                                        (203, 'Ручной', 'АЗТПА', NULL, NULL, '1987'),
                                                                                                        (204, 'Ручной', 'АЗТПА', NULL, NULL, '1987'),
                                                                                                        (205, 'Ручной', 'АЗТПА', NULL, NULL, '1987'),
                                                                                                        (206, 'Ручной', 'АЗТПА', NULL, NULL, '1987'),
                                                                                                        (207, 'Ручной', 'АЗТПА', NULL, NULL, '1987'),
                                                                                                        (208, 'Ручной', 'АЗТПА', NULL, NULL, '1987'),
                                                                                                        (209, 'Ручной', 'АЗТПА', NULL, NULL, '1987'),
                                                                                                        (210, 'Пневмогидравлический', 'ЧКД Бланско', NULL, NULL, '1987'),
                                                                                                        (211, 'Пневмогидравлический', 'Днепртяжбуммаш', NULL, NULL, '1987'),
                                                                                                        (212, 'Пневмогидравлический', 'ЧКД Бланско', NULL, NULL, '1987'),
                                                                                                        (213, 'Пневмогидравлический', 'ЧКД Бланско', NULL, NULL, '1987'),
                                                                                                        (214, 'Пневмогидравлический', 'АЗТПА', NULL, NULL, '1987'),
                                                                                                        (215, 'Ручной', 'АЗТПА', NULL, NULL, '1990'),
                                                                                                        (216, 'Ручной', 'АЗТПА', NULL, NULL, '1990'),
                                                                                                        (217, 'Ручной', 'АЗТПА', NULL, NULL, '1990'),
                                                                                                        (218, 'Ручной', 'АЗТПА', NULL, NULL, '1990'),
                                                                                                        (219, 'Ручной', 'АЗТПА', NULL, NULL, '1990'),
                                                                                                        (220, 'Ручной', 'АЗТПА', NULL, NULL, '1990'),
                                                                                                        (221, 'Ручной', 'АЗТПА', NULL, NULL, '1990'),
                                                                                                        (222, 'Пневмогидравлический', 'Минхиммаш', NULL, NULL, '1990'),
                                                                                                        (223, 'Пневмогидравлический', 'Минхиммаш', NULL, NULL, '1990'),
                                                                                                        (224, 'Пневмогидравлический', 'Минхиммаш', NULL, NULL, '1990'),
                                                                                                        (225, 'Пневмогидравлический', 'Минхиммаш', NULL, NULL, '1990'),
                                                                                                        (226, 'Пневмогидравлический', 'Минхиммаш', NULL, NULL, '1990'),
                                                                                                        (227, 'Пневмогидравлический', 'Минхиммаш', NULL, NULL, '1990'),
                                                                                                        (228, 'Ручной', 'АЗТПА', NULL, NULL, '1990'),
                                                                                                        (229, 'Ручной', 'АЗТПА', NULL, NULL, '1990'),
                                                                                                        (230, 'Ручной', 'АЗТПА', NULL, NULL, '1990'),
                                                                                                        (231, 'Ручной', 'АЗТПА', NULL, NULL, '1990'),
                                                                                                        (232, 'Пневмогидравлический', 'Днепртяжбуммаш', NULL, NULL, '1990'),
                                                                                                        (233, 'Пневмогидравлический', 'Днепртяжбуммаш', NULL, NULL, '1990'),
                                                                                                        (234, 'Пневмогидравлический', 'Грове', NULL, NULL, '1990'),
                                                                                                        (235, 'Пневмогидравлический', 'АЗТПА', NULL, NULL, '1990'),
                                                                                                        (236, 'Ручной', 'АЗТПА', NULL, NULL, '1990'),
                                                                                                        (237, 'Ручной', 'АЗТПА', NULL, NULL, '1990'),
                                                                                                        (238, 'Ручной', 'АЗТПА', NULL, NULL, '1990'),
                                                                                                        (239, 'Ручной', 'АЗТПА', NULL, NULL, '1990'),
                                                                                                        (240, 'Ручной', 'АЗТПА', NULL, NULL, '1990'),
                                                                                                        (241, 'Ручной', 'АЗТПА', NULL, NULL, '1990'),
                                                                                                        (242, 'Ручной', 'АЗТПА', NULL, NULL, '1990'),
                                                                                                        (243, 'Ручной', 'АЗТПА', NULL, NULL, '1990'),
                                                                                                        (244, 'Ручной', 'АЗТПА', NULL, NULL, '1990'),
                                                                                                        (245, 'Ручной', 'АЗТПА', NULL, NULL, '1990'),
                                                                                                        (246, 'Ручной', 'АЗТПА', NULL, NULL, '1990'),
                                                                                                        (247, 'Ручной', 'АЗТПА', NULL, NULL, '1990'),
                                                                                                        (248, 'Ручной', 'АЗТПА', NULL, NULL, '1990'),
                                                                                                        (249, 'Ручной', 'АЗТПА', NULL, NULL, '1990'),
                                                                                                        (250, 'Ручной', 'АЗТПА', NULL, NULL, '1990'),
                                                                                                        (251, 'Пневмогидравлический', 'Цимлянский МЗ ', NULL, NULL, '2013'),
                                                                                                        (252, 'Пневмогидравлический', 'ЧКД Бланско', NULL, NULL, '1990'),
                                                                                                        (253, 'Пневмогидравлический', 'ЧКД Бланско', NULL, NULL, '1990'),
                                                                                                        (254, 'Пневмогидравлический', 'Днепртяжбуммаш', NULL, NULL, '1990'),
                                                                                                        (255, 'Пневмогидравлический', 'АЗТПА', NULL, NULL, '1990'),
                                                                                                        (256, 'Ручной', 'АЗТПА', NULL, NULL, '1990'),
                                                                                                        (257, 'Ручной', 'АЗТПА', NULL, NULL, '1990'),
                                                                                                        (258, 'Пневмогидравлический', 'Минхиммаш', NULL, NULL, '1990'),
                                                                                                        (259, 'Пневмогидравлический', 'Минхиммаш', NULL, NULL, '1990'),
                                                                                                        (260, 'Пневмогидравлический', 'Минхиммаш', NULL, NULL, '1990'),
                                                                                                        (261, 'Пневмогидравлический', 'Минхиммаш', NULL, NULL, '1990'),
                                                                                                        (262, 'Ручной', 'АЗТПА', NULL, NULL, '1990'),
                                                                                                        (263, 'Ручной', 'АЗТПА', NULL, NULL, '1990'),
                                                                                                        (264, 'Ручной', 'АЗТПА', NULL, NULL, '1990'),
                                                                                                        (265, 'Ручной', 'АЗТПА', NULL, NULL, '1990'),
                                                                                                        (266, 'Пневмогидравлический', 'Минхиммаш', NULL, NULL, '1990'),
                                                                                                        (267, 'Ручной', 'АЗТПА', NULL, NULL, '1990'),
                                                                                                        (268, 'Пневмогидравлический', 'Грове', NULL, NULL, '1988'),
                                                                                                        (269, 'Пневмогидравлический', 'Днепртяжбуммаш', NULL, NULL, '1988'),
                                                                                                        (270, 'Пневмогидравлический', 'Днепртяжбуммаш', NULL, NULL, '1988'),
                                                                                                        (271, 'Пневмогидравлический', 'Кобе Стил', NULL, NULL, '1988'),
                                                                                                        (272, 'Ручной', 'Грове', NULL, NULL, '1988'),
                                                                                                        (273, 'Ручной', 'Грове', NULL, NULL, '1988'),
                                                                                                        (274, 'Ручной', 'Грове', NULL, NULL, '1988'),
                                                                                                        (275, 'Ручной', 'Грове', NULL, NULL, '1988'),
                                                                                                        (276, 'Ручной', 'Грове', NULL, NULL, '1988'),
                                                                                                        (277, 'Ручной', 'Грове', NULL, NULL, '1988'),
                                                                                                        (278, 'Ручной', 'Грове', NULL, NULL, '1988'),
                                                                                                        (279, 'Ручной', 'Грове', NULL, NULL, '1988'),
                                                                                                        (280, 'Ручной', 'Грове', NULL, NULL, '1988'),
                                                                                                        (281, 'Ручной', 'Грове', NULL, NULL, '1988'),
                                                                                                        (282, 'Ручной', 'Грове', NULL, NULL, '1988'),
                                                                                                        (283, 'Ручной', 'Грове', NULL, NULL, '1988'),
                                                                                                        (284, 'Ручной', 'Грове', NULL, NULL, '1988'),
                                                                                                        (285, 'Ручной', 'Грове', NULL, NULL, '1988'),
                                                                                                        (286, 'Пневмогидравлический', 'Днепртяжбуммаш', NULL, NULL, '1988');

-- --------------------------------------------------------

--
-- Структура таблицы `executions`
--

CREATE TABLE `executions` (
                              `id` int NOT NULL,
                              `name` varchar(63) CHARACTER SET utf8mb4 COLLATE utf8mb4_general_ci NOT NULL
) ENGINE=InnoDB DEFAULT CHARSET=utf8mb4 COLLATE=utf8mb4_general_ci;

--
-- Дамп данных таблицы `executions`
--

INSERT INTO `executions` (`id`, `name`) VALUES
    (1, 'Подземное');

-- --------------------------------------------------------

--
-- Структура таблицы `fittings`
--

CREATE TABLE `fittings` (
                            `id` int NOT NULL,
                            `name_highways` varchar(127) CHARACTER SET utf8mb4 COLLATE utf8mb4_general_ci NOT NULL,
                            `crane_class` varchar(31) CHARACTER SET utf8mb4 COLLATE utf8mb4_general_ci NOT NULL,
                            `name_crane` varchar(31) COLLATE utf8mb4_general_ci NOT NULL,
                            `location_crane` float NOT NULL,
                            `technical_number` varchar(63) CHARACTER SET utf8mb4 COLLATE utf8mb4_general_ci NOT NULL,
                            `company` varchar(255) CHARACTER SET utf8mb4 COLLATE utf8mb4_general_ci NOT NULL,
                            `year_manufacture` year NOT NULL,
                            `factory_number` varchar(127) CHARACTER SET utf8mb4 COLLATE utf8mb4_general_ci DEFAULT NULL,
                            `Dn` int NOT NULL,
                            `id_malfunction` int DEFAULT NULL,
                            `plan_replacement` varchar(127) CHARACTER SET utf8mb4 COLLATE utf8mb4_general_ci DEFAULT NULL,
                            `IUS` varchar(63) CHARACTER SET utf8mb4 COLLATE utf8mb4_general_ci NOT NULL,
                            `unification_crane` varchar(63) CHARACTER SET utf8mb4 COLLATE utf8mb4_general_ci NOT NULL,
                            `type_reinforcement` varchar(63) CHARACTER SET utf8mb4 COLLATE utf8mb4_general_ci NOT NULL,
                            `pressure` int NOT NULL,
                            `execution` varchar(63) CHARACTER SET utf8mb4 COLLATE utf8mb4_general_ci NOT NULL,
                            `year_commission` year NOT NULL,
                            `id_drive` int NOT NULL,
                            `classification_installation` varchar(255) CHARACTER SET utf8mb4 COLLATE utf8mb4_general_ci DEFAULT NULL
) ENGINE=InnoDB DEFAULT CHARSET=utf8mb4 COLLATE=utf8mb4_general_ci;

--
-- Дамп данных таблицы `fittings`
--

INSERT INTO `fittings` (`id`, `name_highways`, `crane_class`, `name_crane`, `location_crane`, `technical_number`, `company`, `year_manufacture`, `factory_number`, `Dn`, `id_malfunction`, `plan_replacement`, `IUS`, `unification_crane`, `type_reinforcement`, `pressure`, `execution`, `year_commission`, `id_drive`, `classification_installation`) VALUES
                                                                                                                                                                                                                                                                                                                                                            (6, 'Уренгой-Центр 2', 'Перемычка', 'Стояк отбора газа', 853.9, '853-1', 'АЗТПА', '1984', '2545', 300, 6, NULL, '409', 'КЦ', 'Шаровой', 80, 'Подземное', '1985', 1, NULL),
                                                                                                                                                                                                                                                                                                                                                            (7, 'Уренгой-Центр 2', 'Линейный', 'на ЛК', 539, '539-3.2', 'Волгограднефтемаш', '2003', '852', 300, 7, NULL, '409', '537 КрУ', 'Шаровой', 80, 'Подземное', '2005', 4, NULL),
                                                                                                                                                                                                                                                                                                                                                            (8, 'Уренгой-Центр 2', 'Линейный', 'на ЛК', 539, '539-3.3', 'Волгограднефтемаш', '2003', '857', 300, 8, NULL, '411', '537 КрУ', 'Шаровой', 80, 'Подземное', '2005', 3, NULL),
                                                                                                                                                                                                                                                                                                                                                            (9, 'Уренгой-Ужгород', 'Линейный', 'на ЛК', 538, '538-1.3', 'Грове', '1983', NULL, 300, 9, NULL, '411', '537 КрУ', 'Шаровой', 80, 'Подземное', '1984', 7, NULL),
                                                                                                                                                                                                                                                                                                                                                            (311, 'СРТО-Урал', 'Линейный', 'Свечной', 683.3, '683-10.3', 'АЗТПА', '1992', NULL, 50, 315, NULL, '411', 'КЦ', 'Шаровой', 75, 'Подземное', '1993', 11, 'СРТО-Урал, 683,3 км, Камера приема'),
                                                                                                                                                                                                                                                                                                                                                            (312, 'СРТО-Урал', 'Линейный', 'Свечной', 683.3, '683-10.3', 'АЗТПА', '1992', NULL, 50, 316, NULL, '411', 'КЦ', 'Шаровой', 75, 'Подземное', '1992', 12, 'СРТО-Урал, 683,3 км, Камера приема'),
                                                                                                                                                                                                                                                                                                                                                            (313, 'СРТО-Урал', 'Линейный', 'Свечной', 683.3, '683-10.3', 'Минхиммаш', '1992', NULL, 150, 317, NULL, '412', 'КЦ', 'Шаровой', 75, 'Подземное', '1992', 13, 'СРТО-Урал, 683,3 км, Камера приема'),
                                                                                                                                                                                                                                                                                                                                                            (314, 'СРТО-Урал', 'Линейный', 'Свечной', 683.3, '683-10.3', 'АЗТПА', '1992', NULL, 50, 318, NULL, '409', 'КЦ', 'Шаровой', 75, 'Подземное', '1992', 14, 'СРТО-Урал, 683,3 км, Камера приема'),
                                                                                                                                                                                                                                                                                                                                                            (315, 'Уренгой-Ужгород', 'Линейный', 'Обводной', 569, '569-1.1', 'Китамура', '1983', NULL, 500, 319, NULL, '411', 'КЦ', 'Шаровой', 75, 'Подземное', '1983', 15, 'Уренгой-Ужгород, 569 км, Камера запуска'),
                                                                                                                                                                                                                                                                                                                                                            (316, 'Уренгой-Ужгород', 'Линейный', 'Обводной', 569, '569-1.2', 'Дзержинскхиммаш', '1983', NULL, 300, 320, NULL, '412', 'КЦ', 'Шаровой', 75, 'Подземное', '1983', 16, 'Уренгой-Ужгород, 569 км, Камера запуска'),
                                                                                                                                                                                                                                                                                                                                                            (317, 'Уренгой-Ужгород', 'Линейный', 'Обводной', 569, '569-1.4', 'Китамура', '1983', NULL, 500, 321, NULL, '409', 'КЦ', 'Шаровой', 75, 'Подземное', '1983', 17, 'Уренгой-Ужгород, 569 км, Камера запуска'),
                                                                                                                                                                                                                                                                                                                                                            (318, 'Уренгой-Ужгород', 'Линейный', 'Обводной', 569, '569-1.5', 'Китамура', '1983', NULL, 500, 322, NULL, '411', 'КЦ', 'Шаровой', 75, 'Подземное', '1983', 18, 'Уренгой-Ужгород, 569 км, Камера запуска'),
                                                                                                                                                                                                                                                                                                                                                            (319, 'Уренгой-Ужгород', 'Линейный', 'Обводной', 569, '569-1.6', 'Китамура', '1983', NULL, 500, 323, NULL, '412', 'КЦ', 'Шаровой', 75, 'Подземное', '1983', 19, 'Уренгой-Ужгород, 569 км, Камера запуска'),
                                                                                                                                                                                                                                                                                                                                                            (320, 'Уренгой-Ужгород', 'Линейный', 'отсечной', 569, '569-1.7', 'АЗТПА', '1983', NULL, 1400, 324, NULL, '409', 'КЦ', 'Шаровой', 75, 'Подземное', '1983', 20, 'Уренгой-Ужгород, 569 км, Камера запуска'),
                                                                                                                                                                                                                                                                                                                                                            (321, 'Уренгой-Ужгород', 'Линейный', 'Свечной', 569, '569-1.3', 'Грове', '1983', NULL, 50, 325, NULL, '411', 'КЦ', 'Шаровой', 75, 'Подземное', '1983', 21, 'Уренгой-Ужгород, 569 км, Камера запуска'),
                                                                                                                                                                                                                                                                                                                                                            (322, 'Уренгой-Ужгород', 'Линейный', 'Свечной', 569, '569-1.3', 'Грове', '1983', NULL, 50, 326, NULL, '412', 'КЦ', 'Шаровой', 75, 'Подземное', '1983', 22, 'Уренгой-Ужгород, 569 км, Камера запуска'),
                                                                                                                                                                                                                                                                                                                                                            (323, 'Уренгой-Ужгород', 'Линейный', 'Свечной', 569, '569-1.3', 'Китамура', '1983', NULL, 150, 327, NULL, '409', 'КЦ', 'Шаровой', 75, 'Подземное', '1983', 23, 'Уренгой-Ужгород, 569 км, Камера запуска'),
                                                                                                                                                                                                                                                                                                                                                            (324, 'Уренгой-Ужгород', 'Линейный', 'Свечной', 569, '569-1.3', 'Китамура', '1983', NULL, 150, 328, NULL, '411', 'КЦ', 'Шаровой', 75, 'Подземное', '1983', 24, 'Уренгой-Ужгород, 569 км, Камера запуска'),
                                                                                                                                                                                                                                                                                                                                                            (325, 'Уренгой-Ужгород', 'Линейный', 'Свечной', 569, '569-1.3', 'Грове', '1983', NULL, 50, 329, NULL, '412', 'КЦ', 'Шаровой', 75, 'Подземное', '1983', 25, 'Уренгой-Ужгород, 569 км, Камера запуска'),
                                                                                                                                                                                                                                                                                                                                                            (326, 'Уренгой-Ужгород', 'Линейный', 'Свечной', 569, '569-1.3', 'Грове', '1983', NULL, 50, 330, NULL, '409', 'КЦ', 'Шаровой', 75, 'Подземное', '1983', 26, 'Уренгой-Ужгород, 569 км, Камера запуска'),
                                                                                                                                                                                                                                                                                                                                                            (327, 'Уренгой-Ужгород', 'Линейный', 'Свечной', 569, '569-1.3', 'Грове', '1983', NULL, 50, 331, NULL, '411', 'КЦ', 'Шаровой', 75, 'Подземное', '1983', 27, 'Уренгой-Ужгород, 569 км, Камера запуска'),
                                                                                                                                                                                                                                                                                                                                                            (328, 'Уренгой-Ужгород', 'Линейный', 'Свечной', 569, '569-1.3', 'Китамура', '1983', NULL, 150, 332, NULL, '412', 'КЦ', 'Шаровой', 75, 'Подземное', '1983', 28, 'Уренгой-Ужгород, 569 км, Камера запуска'),
                                                                                                                                                                                                                                                                                                                                                            (329, 'Уренгой-Ужгород', 'Линейный', 'Свечной', 569, '569-1.3', 'Грове', '1983', NULL, 50, 333, NULL, '409', 'КЦ', 'Шаровой', 75, 'Подземное', '1983', 29, 'Уренгой-Ужгород, 569 км, Камера запуска'),
                                                                                                                                                                                                                                                                                                                                                            (330, 'Уренгой-Ужгород', 'Линейный', 'Свечной', 569, '569-1.3', 'Китамура', '1983', NULL, 150, 334, NULL, '411', 'КЦ', 'Шаровой', 75, 'Подземное', '1983', 30, 'Уренгой-Ужгород, 569 км, Камера запуска'),
                                                                                                                                                                                                                                                                                                                                                            (331, 'Уренгой-Ужгород', 'Линейный', 'Свечной', 569, '569-1.3', 'Китамура', '1983', NULL, 150, 335, NULL, '412', 'КЦ', 'Шаровой', 75, 'Подземное', '1983', 31, 'Уренгой-Ужгород, 569 км, Камера запуска'),
                                                                                                                                                                                                                                                                                                                                                            (332, 'Уренгой-Ужгород', 'Линейный', 'Обводной', 569, '569-1.8', 'Китамура', '1983', NULL, 500, 336, NULL, '409', 'КЦ', 'Шаровой', 75, 'Подземное', '1983', 32, 'Уренгой-Ужгород, 569 км, Камера приема'),
                                                                                                                                                                                                                                                                                                                                                            (333, 'Уренгой-Ужгород', 'Линейный', 'Обводной', 569, '569-1.9', 'Китамура', '1983', NULL, 400, 337, NULL, '411', 'КЦ', 'Шаровой', 75, 'Подземное', '1983', 33, 'Уренгой-Ужгород, 569 км, Камера приема'),
                                                                                                                                                                                                                                                                                                                                                            (334, 'Уренгой-Ужгород', 'Линейный', 'Обводной', 569, '569-1.10', 'Китамура', '1983', NULL, 400, 338, NULL, '412', 'КЦ', 'Шаровой', 75, 'Подземное', '1983', 34, 'Уренгой-Ужгород, 569 км, Камера приема'),
                                                                                                                                                                                                                                                                                                                                                            (335, 'Уренгой-Ужгород', 'Линейный', 'отсечной', 569, '569-1.11', 'Кобе Стил', '1983', NULL, 1400, 339, NULL, '409', 'КЦ', 'Шаровой', 75, 'Подземное', '1983', 35, 'Уренгой-Ужгород, 569 км, Камера приема'),
                                                                                                                                                                                                                                                                                                                                                            (336, 'Уренгой-Ужгород', 'Линейный', 'Свечной', 569, '569-1.3', 'Грове', '1983', NULL, 150, 340, NULL, '411', 'КЦ', 'Шаровой', 75, 'Подземное', '1983', 36, 'Уренгой-Ужгород, 569 км, Камера приема'),
                                                                                                                                                                                                                                                                                                                                                            (337, 'Уренгой-Ужгород', 'Линейный', 'Свечной', 569, '569-1.3', 'Грове', '1983', NULL, 50, 341, NULL, '412', 'КЦ', 'Шаровой', 75, 'Подземное', '1983', 37, 'Уренгой-Ужгород, 569 км, Камера приема'),
                                                                                                                                                                                                                                                                                                                                                            (338, 'Уренгой-Ужгород', 'Линейный', 'Свечной', 569, '569-1.3', 'Грове', '1983', NULL, 50, 342, NULL, '409', 'КЦ', 'Шаровой', 75, 'Подземное', '1983', 38, 'Уренгой-Ужгород, 569 км, Камера приема'),
                                                                                                                                                                                                                                                                                                                                                            (339, 'Уренгой-Ужгород', 'Линейный', 'Свечной', 569, '569-1.3', 'Грове', '1983', NULL, 50, 343, NULL, '411', 'КЦ', 'Шаровой', 75, 'Подземное', '1983', 39, 'Уренгой-Ужгород, 569 км, Камера приема'),
                                                                                                                                                                                                                                                                                                                                                            (340, 'Уренгой-Ужгород', 'Линейный', 'Свечной', 569, '569-1.3', 'Китамура', '1983', NULL, 150, 344, NULL, '412', 'КЦ', 'Шаровой', 75, 'Подземное', '1983', 40, 'Уренгой-Ужгород, 569 км, Камера приема'),
                                                                                                                                                                                                                                                                                                                                                            (341, 'Уренгой-Ужгород', 'Линейный', 'Свечной', 569, '569-1.3', 'Китамура', '1983', NULL, 150, 345, NULL, '409', 'КЦ', 'Шаровой', 75, 'Подземное', '1983', 41, 'Уренгой-Ужгород, 569 км, Камера приема'),
                                                                                                                                                                                                                                                                                                                                                            (342, 'Уренгой-Ужгород', 'Линейный', 'Свечной', 569, '569-1.3', 'Китамура', '1983', NULL, 150, 346, NULL, '411', 'КЦ', 'Шаровой', 75, 'Подземное', '1983', 42, 'Уренгой-Ужгород, 569 км, Камера приема'),
                                                                                                                                                                                                                                                                                                                                                            (343, 'Уренгой-Ужгород', 'Линейный', 'Свечной', 569, '569-1.3', 'Китамура', '1983', NULL, 150, 347, NULL, '412', 'КЦ', 'Шаровой', 75, 'Подземное', '1983', 43, 'Уренгой-Ужгород, 569 км, Камера приема'),
                                                                                                                                                                                                                                                                                                                                                            (344, 'Уренгой-Ужгород', 'Линейный', 'Свечной', 569, '569-1.3', 'Грове', '1983', NULL, 150, 348, NULL, '409', 'КЦ', 'Шаровой', 75, 'Подземное', '1983', 44, 'Уренгой-Ужгород, 569 км, Камера приема'),
                                                                                                                                                                                                                                                                                                                                                            (345, 'Уренгой-Ужгород', 'Линейный', 'Свечной', 569, '569-1.3', 'Грове', '1983', NULL, 150, 349, NULL, '411', 'КЦ', 'Шаровой', 75, 'Подземное', '1983', 45, 'Уренгой-Ужгород, 569 км, Камера приема'),
                                                                                                                                                                                                                                                                                                                                                            (346, 'Уренгой-Ужгород', 'Линейный', 'Свечной', 569, '569-1.3', 'Грове', '1983', NULL, 150, 350, NULL, '412', 'КЦ', 'Шаровой', 75, 'Подземное', '1983', 46, 'Уренгой-Ужгород, 569 км, Камера приема'),
                                                                                                                                                                                                                                                                                                                                                            (347, 'Уренгой-Ужгород', 'Линейный', 'Свечной', 569, '569-1.3', 'Китамура', '1983', NULL, 150, 351, NULL, '409', 'КЦ', 'Шаровой', 75, 'Подземное', '1983', 47, 'Уренгой-Ужгород, 569 км, Камера приема'),
                                                                                                                                                                                                                                                                                                                                                            (348, 'Уренгой-Ужгород', 'Линейный', 'Свечной', 569, '569-1.3', 'Грове', '1983', NULL, 150, 352, NULL, '411', 'КЦ', 'Шаровой', 75, 'Подземное', '1983', 48, 'Уренгой-Ужгород, 569 км, Камера приема'),
                                                                                                                                                                                                                                                                                                                                                            (349, 'Уренгой-Ужгород', 'Линейный', 'Свечной', 569, '569-1.3', 'Грове', '1983', NULL, 150, 353, NULL, '412', 'КЦ', 'Шаровой', 75, 'Подземное', '1983', 49, 'Уренгой-Ужгород, 569 км, Камера приема'),
                                                                                                                                                                                                                                                                                                                                                            (350, 'Уренгой-Центр 1', 'Линейный', 'Обводной', 568.5, '568-2.1', 'Грове', '1984', NULL, 500, 354, NULL, '409', 'КЦ', 'Шаровой', 75, 'Подземное', '1984', 50, 'Уренгой-Центр 1, 568,5 км, Камера запуска'),
                                                                                                                                                                                                                                                                                                                                                            (351, 'Уренгой-Центр 1', 'Линейный', 'Обводной', 568.5, '568-2.2', 'Грове', '1984', NULL, 300, 355, NULL, '411', 'КЦ', 'Шаровой', 75, 'Подземное', '1984', 51, 'Уренгой-Центр 1, 568,5 км, Камера запуска'),
                                                                                                                                                                                                                                                                                                                                                            (352, 'Уренгой-Центр 1', 'Линейный', 'Обводной', 568.5, '568-2.4', 'Грове', '1984', NULL, 500, 356, NULL, '412', 'КЦ', 'Шаровой', 75, 'Подземное', '1984', 52, 'Уренгой-Центр 1, 568,5 км, Камера запуска'),
                                                                                                                                                                                                                                                                                                                                                            (353, 'Уренгой-Центр 1', 'Линейный', 'Обводной', 568.5, '568-2.5', 'Грове', '1984', NULL, 500, 357, NULL, '409', 'КЦ', 'Шаровой', 75, 'Подземное', '1984', 53, 'Уренгой-Центр 1, 568,5 км, Камера запуска'),
                                                                                                                                                                                                                                                                                                                                                            (354, 'Уренгой-Центр 1', 'Линейный', 'Свечной', 568.5, '568-2.3', 'Грове', '1984', NULL, 50, 358, NULL, '411', 'КЦ', 'Шаровой', 75, 'Подземное', '1984', 54, 'Уренгой-Центр 1, 568,5 км, Камера запуска'),
                                                                                                                                                                                                                                                                                                                                                            (355, 'Уренгой-Центр 1', 'Линейный', 'Свечной', 568.5, '568-2.3', 'Грове', '1984', NULL, 50, 359, NULL, '412', 'КЦ', 'Шаровой', 75, 'Подземное', '1984', 55, 'Уренгой-Центр 1, 568,5 км, Камера запуска'),
                                                                                                                                                                                                                                                                                                                                                            (356, 'Уренгой-Центр 1', 'Линейный', 'Свечной', 568.5, '568-2.3', 'Грове', '1984', NULL, 50, 360, NULL, '409', 'КЦ', 'Шаровой', 75, 'Подземное', '1984', 56, 'Уренгой-Центр 1, 568,5 км, Камера запуска'),
                                                                                                                                                                                                                                                                                                                                                            (357, 'Уренгой-Центр 1', 'Линейный', 'Свечной', 568.5, '568-2.3', 'Грове', '1984', NULL, 50, 361, NULL, '411', 'КЦ', 'Шаровой', 75, 'Подземное', '1984', 57, 'Уренгой-Центр 1, 568,5 км, Камера запуска'),
                                                                                                                                                                                                                                                                                                                                                            (358, 'Уренгой-Центр 1', 'Линейный', 'Свечной', 568.5, '568-2.3', 'Грове', '1984', NULL, 50, 362, NULL, '412', 'КЦ', 'Шаровой', 75, 'Подземное', '1984', 58, 'Уренгой-Центр 1, 568,5 км, Камера запуска'),
                                                                                                                                                                                                                                                                                                                                                            (359, 'Уренгой-Центр 1', 'Линейный', 'Свечной', 568.5, '568-2.3', 'Грове', '1984', NULL, 50, 363, NULL, '409', 'КЦ', 'Шаровой', 75, 'Подземное', '1984', 59, 'Уренгой-Центр 1, 568,5 км, Камера запуска'),
                                                                                                                                                                                                                                                                                                                                                            (360, 'Уренгой-Центр 1', 'Линейный', 'Свечной', 568.5, '568-2.3', 'Грове', '1984', NULL, 50, 364, NULL, '411', 'КЦ', 'Шаровой', 75, 'Подземное', '1984', 60, 'Уренгой-Центр 1, 568,5 км, Камера запуска'),
                                                                                                                                                                                                                                                                                                                                                            (361, 'Уренгой-Центр 1', 'Линейный', 'Свечной', 568.5, '568-2.3', 'Грове', '1984', NULL, 50, 365, NULL, '412', 'КЦ', 'Шаровой', 75, 'Подземное', '1984', 61, 'Уренгой-Центр 1, 568,5 км, Камера запуска'),
                                                                                                                                                                                                                                                                                                                                                            (362, 'Уренгой-Центр 1', 'Линейный', 'Свечной', 568.5, '568-2.3', 'Грове', '1984', NULL, 50, 366, NULL, '409', 'КЦ', 'Шаровой', 75, 'Подземное', '1984', 62, 'Уренгой-Центр 1, 568,5 км, Камера запуска'),
                                                                                                                                                                                                                                                                                                                                                            (363, 'Уренгой-Центр 1', 'Линейный', 'Свечной', 568.5, '568-2.3', 'Грове', '1984', NULL, 150, 367, NULL, '411', 'КЦ', 'Шаровой', 75, 'Подземное', '1984', 63, 'Уренгой-Центр 1, 568,5 км, Камера запуска'),
                                                                                                                                                                                                                                                                                                                                                            (364, 'Уренгой-Центр 1', 'Линейный', 'Свечной', 568.5, '568-2.3', 'Грове', '1984', NULL, 50, 368, NULL, '412', 'КЦ', 'Шаровой', 75, 'Подземное', '1984', 64, 'Уренгой-Центр 1, 568,5 км, Камера запуска'),
                                                                                                                                                                                                                                                                                                                                                            (365, 'Уренгой-Центр 1', 'Линейный', 'Свечной', 568.5, '568-2.3', 'Грове', '1984', NULL, 50, 369, NULL, '409', 'КЦ', 'Шаровой', 75, 'Подземное', '1984', 65, 'Уренгой-Центр 1, 568,5 км, Камера запуска'),
                                                                                                                                                                                                                                                                                                                                                            (366, 'Уренгой-Центр 1', 'Линейный', 'Обводной', 568.5, '568-2.6', 'Грове', '1984', NULL, 300, 370, NULL, '411', 'КЦ', 'Шаровой', 75, 'Подземное', '1984', 66, 'Уренгой-Центр 1, 568,5 км, Камера приема'),
                                                                                                                                                                                                                                                                                                                                                            (367, 'Уренгой-Центр 1', 'Линейный', 'Обводной', 568.5, '568-2.7', 'Грове', '1984', NULL, 300, 371, NULL, '412', 'КЦ', 'Шаровой', 75, 'Подземное', '1984', 67, 'Уренгой-Центр 1, 568,5 км, Камера приема'),
                                                                                                                                                                                                                                                                                                                                                            (368, 'Уренгой-Центр 1', 'Линейный', 'Обводной', 568.5, '568-2.8', 'Грове', '1984', NULL, 500, 372, NULL, '409', 'КЦ', 'Шаровой', 75, 'Подземное', '1984', 68, 'Уренгой-Центр 1, 568,5 км, Камера приема'),
                                                                                                                                                                                                                                                                                                                                                            (369, 'Уренгой-Центр 1', 'Линейный', 'отсечной', 568.5, '568-2.9', 'Китамура', '1984', NULL, 1400, 373, NULL, '411', 'КЦ', 'Шаровой', 75, 'Подземное', '1984', 69, 'Уренгой-Центр 1, 568,5 км, Камера приема'),
                                                                                                                                                                                                                                                                                                                                                            (370, 'Уренгой-Центр 1', 'Линейный', 'отсечной', 568.5, '568-2.10', 'Китамура', '1984', NULL, 1400, 374, NULL, '412', 'КЦ', 'Шаровой', 75, 'Подземное', '1984', 70, 'Уренгой-Центр 1, 568,5 км, Камера приема'),
                                                                                                                                                                                                                                                                                                                                                            (371, 'Уренгой-Центр 1', 'Линейный', 'Свечной', 568.5, '568-2.3', 'Грове', '1984', NULL, 50, 375, NULL, '409', 'КЦ', 'Шаровой', 75, 'Подземное', '1984', 71, 'Уренгой-Центр 1, 568,5 км, Камера приема'),
                                                                                                                                                                                                                                                                                                                                                            (372, 'Уренгой-Центр 1', 'Линейный', 'Свечной', 568.5, '568-2.3', 'Грове', '1984', NULL, 150, 376, NULL, '411', 'КЦ', 'Шаровой', 75, 'Подземное', '1984', 72, 'Уренгой-Центр 1, 568,5 км, Камера приема'),
                                                                                                                                                                                                                                                                                                                                                            (373, 'Уренгой-Центр 1', 'Линейный', 'Свечной', 568.5, '568-2.3', 'Грове', '1984', NULL, 50, 377, NULL, '412', 'КЦ', 'Шаровой', 75, 'Подземное', '1984', 73, 'Уренгой-Центр 1, 568,5 км, Камера приема'),
                                                                                                                                                                                                                                                                                                                                                            (374, 'Уренгой-Центр 1', 'Линейный', 'Свечной', 568.5, '568-2.3', 'Грове', '1984', NULL, 150, 378, NULL, '409', 'КЦ', 'Шаровой', 75, 'Подземное', '1984', 74, 'Уренгой-Центр 1, 568,5 км, Камера приема'),
                                                                                                                                                                                                                                                                                                                                                            (375, 'Уренгой-Центр 1', 'Линейный', 'Свечной', 568.5, '568-2.3', 'Грове', '1984', NULL, 150, 379, NULL, '411', 'КЦ', 'Шаровой', 75, 'Подземное', '1984', 75, 'Уренгой-Центр 1, 568,5 км, Камера приема'),
                                                                                                                                                                                                                                                                                                                                                            (376, 'Уренгой-Центр 1', 'Линейный', 'Свечной', 568.5, '568-2.3', 'Грове', '1984', NULL, 150, 380, NULL, '412', 'КЦ', 'Шаровой', 75, 'Подземное', '1984', 76, 'Уренгой-Центр 1, 568,5 км, Камера приема'),
                                                                                                                                                                                                                                                                                                                                                            (377, 'Уренгой-Центр 1', 'Линейный', 'Свечной', 568.5, '568-2.3', 'Грове', '1984', NULL, 150, 381, NULL, '409', 'КЦ', 'Шаровой', 75, 'Подземное', '1984', 77, 'Уренгой-Центр 1, 568,5 км, Камера приема'),
                                                                                                                                                                                                                                                                                                                                                            (378, 'Уренгой-Центр 1', 'Линейный', 'Свечной', 568.5, '568-2.3', 'Грове', '1984', NULL, 150, 382, NULL, '411', 'КЦ', 'Шаровой', 75, 'Подземное', '1984', 78, 'Уренгой-Центр 1, 568,5 км, Камера приема'),
                                                                                                                                                                                                                                                                                                                                                            (379, 'Уренгой-Центр 1', 'Линейный', 'Свечной', 568.5, '568-2.3', 'Грове', '1984', NULL, 150, 383, NULL, '412', 'КЦ', 'Шаровой', 75, 'Подземное', '1984', 79, 'Уренгой-Центр 1, 568,5 км, Камера приема'),
                                                                                                                                                                                                                                                                                                                                                            (380, 'Уренгой-Центр 1', 'Линейный', 'Свечной', 568.5, '568-2.3', 'Грове', '1984', NULL, 50, 384, NULL, '409', 'КЦ', 'Шаровой', 75, 'Подземное', '1984', 80, 'Уренгой-Центр 1, 568,5 км, Камера приема'),
                                                                                                                                                                                                                                                                                                                                                            (381, 'Уренгой-Центр 1', 'Линейный', 'Свечной', 568.5, '568-2.3', 'Грове', '1984', NULL, 150, 385, NULL, '411', 'КЦ', 'Шаровой', 75, 'Подземное', '1984', 81, 'Уренгой-Центр 1, 568,5 км, Камера приема'),
                                                                                                                                                                                                                                                                                                                                                            (382, 'Уренгой-Центр 1', 'Линейный', 'Свечной', 568.5, '568-2.3', 'Грове', '1984', NULL, 150, 386, NULL, '412', 'КЦ', 'Шаровой', 75, 'Подземное', '1984', 82, 'Уренгой-Центр 1, 568,5 км, Камера приема'),
                                                                                                                                                                                                                                                                                                                                                            (383, 'Уренгой-Центр 2', 'Линейный', 'Обводной', 570.3, '570-3.1', 'Грове', '1985', NULL, 500, 387, NULL, '409', 'КЦ', 'Шаровой', 75, 'Подземное', '1985', 83, 'Уренгой-Центр 2, 570,3 км, Камера запуска'),
                                                                                                                                                                                                                                                                                                                                                            (384, 'Уренгой-Центр 2', 'Линейный', 'Обводной', 570.3, '570-3.2', 'Грове', '1985', NULL, 500, 388, NULL, '411', 'КЦ', 'Шаровой', 75, 'Подземное', '1985', 84, 'Уренгой-Центр 2, 570,3 км, Камера запуска'),
                                                                                                                                                                                                                                                                                                                                                            (385, 'Уренгой-Центр 2', 'Линейный', 'Обводной', 570.3, '570-3.4', 'Грове', '1985', NULL, 500, 389, NULL, '412', 'КЦ', 'Шаровой', 75, 'Подземное', '1985', 85, 'Уренгой-Центр 2, 570,3 км, Камера запуска'),
                                                                                                                                                                                                                                                                                                                                                            (386, 'Уренгой-Центр 2', 'Линейный', 'Обводной', 570.3, '570-3.5', 'Грове', '1985', NULL, 300, 390, NULL, '409', 'КЦ', 'Шаровой', 75, 'Подземное', '1985', 86, 'Уренгой-Центр 2, 570,3 км, Камера запуска'),
                                                                                                                                                                                                                                                                                                                                                            (387, 'Уренгой-Центр 2', 'Линейный', 'отсечной', 570.3, '570-3.6', 'Китамура', '1985', NULL, 1400, 391, NULL, '411', 'КЦ', 'Шаровой', 75, 'Подземное', '1985', 87, 'Уренгой-Центр 2, 570,3 км, Камера запуска'),
                                                                                                                                                                                                                                                                                                                                                            (388, 'Уренгой-Центр 2', 'Линейный', 'Свечной', 570.3, '570-3.3', 'Грове', '1985', NULL, 50, 392, NULL, '412', 'КЦ', 'Шаровой', 75, 'Подземное', '1985', 88, 'Уренгой-Центр 2, 570,3 км, Камера запуска'),
                                                                                                                                                                                                                                                                                                                                                            (389, 'Уренгой-Центр 2', 'Линейный', 'Свечной', 570.3, '570-3.3', 'Грове', '1985', NULL, 50, 393, NULL, '409', 'КЦ', 'Шаровой', 75, 'Подземное', '1985', 89, 'Уренгой-Центр 2, 570,3 км, Камера запуска'),
                                                                                                                                                                                                                                                                                                                                                            (390, 'Уренгой-Центр 2', 'Линейный', 'Свечной', 570.3, '570-3.3', 'Грове', '1985', NULL, 50, 394, NULL, '411', 'КЦ', 'Шаровой', 75, 'Подземное', '1985', 90, 'Уренгой-Центр 2, 570,3 км, Камера запуска'),
                                                                                                                                                                                                                                                                                                                                                            (391, 'Уренгой-Центр 2', 'Линейный', 'Свечной', 570.3, '570-3.3', 'Грове', '1985', NULL, 50, 395, NULL, '412', 'КЦ', 'Шаровой', 75, 'Подземное', '1985', 91, 'Уренгой-Центр 2, 570,3 км, Камера запуска'),
                                                                                                                                                                                                                                                                                                                                                            (392, 'Уренгой-Центр 2', 'Линейный', 'Свечной', 570.3, '570-3.3', 'Грове', '1985', NULL, 50, 396, NULL, '409', 'КЦ', 'Шаровой', 75, 'Подземное', '1985', 92, 'Уренгой-Центр 2, 570,3 км, Камера запуска'),
                                                                                                                                                                                                                                                                                                                                                            (393, 'Уренгой-Центр 2', 'Линейный', 'Свечной', 570.3, '570-3.3', 'Грове', '1985', NULL, 50, 397, NULL, '411', 'КЦ', 'Шаровой', 75, 'Подземное', '1985', 93, 'Уренгой-Центр 2, 570,3 км, Камера запуска'),
                                                                                                                                                                                                                                                                                                                                                            (394, 'Уренгой-Центр 2', 'Линейный', 'Свечной', 570.3, '570-3.3', 'Грове', '1985', NULL, 50, 398, NULL, '412', 'КЦ', 'Шаровой', 75, 'Подземное', '1985', 94, 'Уренгой-Центр 2, 570,3 км, Камера запуска'),
                                                                                                                                                                                                                                                                                                                                                            (395, 'Уренгой-Центр 2', 'Линейный', 'Свечной', 570.3, '570-3.3', 'АЗТПА', '1985', NULL, 50, 399, NULL, '409', 'КЦ', 'Шаровой', 75, 'Подземное', '1985', 95, 'Уренгой-Центр 2, 570,3 км, Камера запуска'),
                                                                                                                                                                                                                                                                                                                                                            (396, 'Уренгой-Центр 2', 'Линейный', 'Свечной', 570.3, '570-3.3', 'Грове', '1985', NULL, 50, 400, NULL, '411', 'КЦ', 'Шаровой', 75, 'Подземное', '1985', 96, 'Уренгой-Центр 2, 570,3 км, Камера запуска'),
                                                                                                                                                                                                                                                                                                                                                            (397, 'Уренгой-Центр 2', 'Линейный', 'Свечной', 570.3, '570-3.3', 'Грове', '1985', NULL, 150, 401, NULL, '412', 'КЦ', 'Шаровой', 75, 'Подземное', '1985', 97, 'Уренгой-Центр 2, 570,3 км, Камера запуска'),
                                                                                                                                                                                                                                                                                                                                                            (398, 'Уренгой-Центр 2', 'Линейный', 'Свечной', 570.3, '570-3.3', 'Грове', '1985', NULL, 50, 402, NULL, '409', 'КЦ', 'Шаровой', 75, 'Подземное', '1985', 98, 'Уренгой-Центр 2, 570,3 км, Камера запуска'),
                                                                                                                                                                                                                                                                                                                                                            (399, 'Уренгой-Центр 2', 'Линейный', 'Свечной', 570.3, '570-3.3', 'Грове', '1985', NULL, 50, 403, NULL, '411', 'КЦ', 'Шаровой', 75, 'Подземное', '1985', 99, 'Уренгой-Центр 2, 570,3 км, Камера запуска'),
                                                                                                                                                                                                                                                                                                                                                            (400, 'Уренгой-Центр 2', 'Линейный', 'Свечной', 570.3, '570-3.3', 'Грове', '1985', NULL, 50, 404, NULL, '412', 'КЦ', 'Шаровой', 75, 'Подземное', '1985', 100, 'Уренгой-Центр 2, 570,3 км, Камера запуска'),
                                                                                                                                                                                                                                                                                                                                                            (401, 'Уренгой-Центр 2', 'Линейный', 'Свечной', 570.3, '570-3.3', 'Грове', '1985', NULL, 50, 405, NULL, '409', 'КЦ', 'Шаровой', 75, 'Подземное', '1985', 101, 'Уренгой-Центр 2, 570,3 км, Камера запуска'),
                                                                                                                                                                                                                                                                                                                                                            (402, 'Уренгой-Центр 2', 'Линейный', 'Свечной', 570.3, '570-3.3', 'Грове', '1985', NULL, 50, 406, NULL, '411', 'КЦ', 'Шаровой', 75, 'Подземное', '1985', 102, 'Уренгой-Центр 2, 570,3 км, Камера запуска'),
                                                                                                                                                                                                                                                                                                                                                            (403, 'Уренгой-Центр 2', 'Линейный', 'Обводной', 570.3, '570-3.6', 'Дзержинскхиммаш', '1985', NULL, 300, 407, NULL, '412', 'КЦ', 'Шаровой', 75, 'Подземное', '1985', 103, 'Уренгой-Центр 2, 570,3 км, Камера приема'),
                                                                                                                                                                                                                                                                                                                                                            (404, 'Уренгой-Центр 2', 'Линейный', 'Обводной', 570.3, '570-3.7', 'Дзержинскхиммаш', '1985', NULL, 300, 408, NULL, '409', 'КЦ', 'Шаровой', 75, 'Подземное', '1985', 104, 'Уренгой-Центр 2, 570,3 км, Камера приема'),
                                                                                                                                                                                                                                                                                                                                                            (405, 'Уренгой-Центр 2', 'Линейный', 'Обводной', 570.3, '570-3.8', 'Грове', '1985', NULL, 300, 409, NULL, '411', 'КЦ', 'Шаровой', 75, 'Подземное', '1985', 105, 'Уренгой-Центр 2, 570,3 км, Камера приема'),
                                                                                                                                                                                                                                                                                                                                                            (406, 'Уренгой-Центр 2', 'Линейный', 'Обводной', 570.3, '570-3.9', 'Грове', '1985', NULL, 300, 410, NULL, '412', 'КЦ', 'Шаровой', 75, 'Подземное', '1985', 106, 'Уренгой-Центр 2, 570,3 км, Камера приема'),
                                                                                                                                                                                                                                                                                                                                                            (407, 'Уренгой-Центр 2', 'Линейный', 'Обводной', 570.3, '570-3.10', 'Грове', '1985', NULL, 500, 411, NULL, '409', 'КЦ', 'Шаровой', 75, 'Подземное', '1985', 107, 'Уренгой-Центр 2, 570,3 км, Камера приема'),
                                                                                                                                                                                                                                                                                                                                                            (408, 'Уренгой-Центр 2', 'Линейный', 'отсечной', 570.3, '570-3.11', 'Китамура', '1985', NULL, 1400, 412, NULL, '411', 'КЦ', 'Шаровой', 75, 'Подземное', '1985', 108, 'Уренгой-Центр 2, 570,3 км, Камера приема'),
                                                                                                                                                                                                                                                                                                                                                            (409, 'Уренгой-Центр 2', 'Линейный', 'Свечной', 570.3, '570-3.3', 'Грове', '1985', NULL, 50, 413, NULL, '412', 'КЦ', 'Шаровой', 75, 'Подземное', '1985', 109, 'Уренгой-Центр 2, 570,3 км, Камера приема'),
                                                                                                                                                                                                                                                                                                                                                            (410, 'Уренгой-Центр 2', 'Линейный', 'Свечной', 570.3, '570-3.3', 'Грове', '1985', NULL, 50, 414, NULL, '409', 'КЦ', 'Шаровой', 75, 'Подземное', '1985', 110, 'Уренгой-Центр 2, 570,3 км, Камера приема'),
                                                                                                                                                                                                                                                                                                                                                            (411, 'Уренгой-Центр 2', 'Линейный', 'Свечной', 570.3, '570-3.3', 'Грове', '1985', NULL, 50, 415, NULL, '411', 'КЦ', 'Шаровой', 75, 'Подземное', '1985', 111, 'Уренгой-Центр 2, 570,3 км, Камера приема'),
                                                                                                                                                                                                                                                                                                                                                            (412, 'Уренгой-Центр 2', 'Линейный', 'Свечной', 570.3, '570-3.3', 'Грове', '1985', NULL, 50, 416, NULL, '412', 'КЦ', 'Шаровой', 75, 'Подземное', '1985', 112, 'Уренгой-Центр 2, 570,3 км, Камера приема'),
                                                                                                                                                                                                                                                                                                                                                            (413, 'Уренгой-Центр 2', 'Линейный', 'Свечной', 570.3, '570-3.3', 'Грове', '1985', NULL, 50, 417, NULL, '409', 'КЦ', 'Шаровой', 75, 'Подземное', '1985', 113, 'Уренгой-Центр 2, 570,3 км, Камера приема'),
                                                                                                                                                                                                                                                                                                                                                            (414, 'Уренгой-Центр 2', 'Линейный', 'Свечной', 570.3, '570-3.3', 'Грове', '1985', NULL, 50, 418, NULL, '411', 'КЦ', 'Шаровой', 75, 'Подземное', '1985', 114, 'Уренгой-Центр 2, 570,3 км, Камера приема'),
                                                                                                                                                                                                                                                                                                                                                            (415, 'Уренгой-Центр 2', 'Линейный', 'Свечной', 570.3, '570-3.3', 'Грове', '1985', NULL, 50, 419, NULL, '412', 'КЦ', 'Шаровой', 75, 'Подземное', '1985', 115, 'Уренгой-Центр 2, 570,3 км, Камера приема'),
                                                                                                                                                                                                                                                                                                                                                            (416, 'Уренгой-Центр 2', 'Линейный', 'Свечной', 570.3, '570-3.3', 'Грове', '1985', NULL, 150, 420, NULL, '409', 'КЦ', 'Шаровой', 75, 'Подземное', '1985', 116, 'Уренгой-Центр 2, 570,3 км, Камера приема'),
                                                                                                                                                                                                                                                                                                                                                            (417, 'Уренгой-Центр 2', 'Линейный', 'Свечной', 570.3, '570-3.3', 'Грове', '1985', NULL, 150, 421, NULL, '411', 'КЦ', 'Шаровой', 75, 'Подземное', '1985', 117, 'Уренгой-Центр 2, 570,3 км, Камера приема'),
                                                                                                                                                                                                                                                                                                                                                            (418, 'Уренгой-Центр 2', 'Линейный', 'Свечной', 570.3, '570-3.3', 'Грове', '1985', NULL, 150, 422, NULL, '412', 'КЦ', 'Шаровой', 75, 'Подземное', '1985', 118, 'Уренгой-Центр 2, 570,3 км, Камера приема'),
                                                                                                                                                                                                                                                                                                                                                            (419, 'Уренгой-Центр 2', 'Линейный', 'Свечной', 570.3, '570-3.3', 'Грове', '1985', NULL, 150, 423, NULL, '409', 'КЦ', 'Шаровой', 75, 'Подземное', '1985', 119, 'Уренгой-Центр 2, 570,3 км, Камера приема'),
                                                                                                                                                                                                                                                                                                                                                            (420, 'Уренгой-Центр 2', 'Линейный', 'Свечной', 570.3, '570-3.3', 'Грове', '1985', NULL, 150, 424, NULL, '411', 'КЦ', 'Шаровой', 75, 'Подземное', '1985', 120, 'Уренгой-Центр 2, 570,3 км, Камера приема'),
                                                                                                                                                                                                                                                                                                                                                            (421, 'Уренгой-Центр 2', 'Линейный', 'Свечной', 570.3, '570-3.3', 'Грове', '1985', NULL, 150, 425, NULL, '412', 'КЦ', 'Шаровой', 75, 'Подземное', '1985', 121, 'Уренгой-Центр 2, 570,3 км, Камера приема'),
                                                                                                                                                                                                                                                                                                                                                            (422, 'Уренгой-Центр 2', 'Линейный', 'Свечной', 570.3, '570-3.3', 'Грове', '1985', NULL, 150, 426, NULL, '409', 'КЦ', 'Шаровой', 75, 'Подземное', '1985', 122, 'Уренгой-Центр 2, 570,3 км, Камера приема'),
                                                                                                                                                                                                                                                                                                                                                            (423, 'Уренгой-Центр 2', 'Линейный', 'Свечной', 570.3, '570-3.3', 'АЗТПА', '1985', NULL, 50, 427, NULL, '411', 'КЦ', 'Шаровой', 75, 'Подземное', '1985', 123, 'Уренгой-Центр 2, 570,3 км, Камера приема'),
                                                                                                                                                                                                                                                                                                                                                            (424, 'Уренгой-Центр 2', 'Линейный', 'Свечной', 570.3, '570-3.3', 'Грове', '1985', NULL, 50, 428, NULL, '412', 'КЦ', 'Шаровой', 75, 'Подземное', '1985', 124, 'Уренгой-Центр 2, 570,3 км, Камера приема'),
                                                                                                                                                                                                                                                                                                                                                            (425, 'Уренгой-Центр 2', 'Линейный', 'Свечной', 570.3, '570-3.3', 'Грове', '1985', NULL, 50, 429, NULL, '409', 'КЦ', 'Шаровой', 75, 'Подземное', '1985', 125, 'Уренгой-Центр 2, 570,3 км, Камера приема'),
                                                                                                                                                                                                                                                                                                                                                            (426, 'Ямбург-Елец 1', 'Линейный', 'Обводной', 676.2, '676-4.1', 'АЗТПА', '1986', NULL, 300, 430, NULL, '411', 'КЦ', 'Шаровой', 75, 'Подземное', '1986', 126, 'Ямбург-Елец 1, 676,2 км, Камера запуска'),
                                                                                                                                                                                                                                                                                                                                                            (427, 'Ямбург-Елец 1', 'Линейный', 'Обводной', 676.2, '676-4.2', 'Грове', '1986', NULL, 500, 431, NULL, '412', 'КЦ', 'Шаровой', 75, 'Подземное', '1986', 127, 'Ямбург-Елец 1, 676,2 км, Камера запуска'),
                                                                                                                                                                                                                                                                                                                                                            (428, 'Ямбург-Елец 1', 'Линейный', 'Обводной', 676.2, '676-4.4', 'Грове', '1986', NULL, 500, 432, NULL, '409', 'КЦ', 'Шаровой', 75, 'Подземное', '1986', 128, 'Ямбург-Елец 1, 676,2 км, Камера запуска'),
                                                                                                                                                                                                                                                                                                                                                            (429, 'Ямбург-Елец 1', 'Линейный', 'Обводной', 676.2, '676-4.5', 'Грове', '1986', NULL, 500, 433, NULL, '411', 'КЦ', 'Шаровой', 75, 'Подземное', '1986', 129, 'Ямбург-Елец 1, 676,2 км, Камера запуска'),
                                                                                                                                                                                                                                                                                                                                                            (430, 'Ямбург-Елец 1', 'Линейный', 'отсечной', 676.2, '676-4.3', 'Уралхиммаш', '1986', NULL, 1400, 434, NULL, '412', 'КЦ', 'Шаровой', 75, 'Подземное', '1986', 130, 'Ямбург-Елец 1, 676,2 км, Камера запуска'),
                                                                                                                                                                                                                                                                                                                                                            (431, 'Ямбург-Елец 1', 'Линейный', 'Свечной', 676.2, '676-4.3', 'Минхиммаш', '1986', NULL, 150, 435, NULL, '409', 'КЦ', 'Шаровой', 75, 'Подземное', '1986', 131, 'Ямбург-Елец 1, 676,2 км, Камера запуска'),
                                                                                                                                                                                                                                                                                                                                                            (432, 'Ямбург-Елец 1', 'Линейный', 'Свечной', 676.2, '676-4.3', 'АЗТПА', '1986', NULL, 50, 436, NULL, '411', 'КЦ', 'Шаровой', 75, 'Подземное', '1986', 132, 'Ямбург-Елец 1, 676,2 км, Камера запуска'),
                                                                                                                                                                                                                                                                                                                                                            (433, 'Ямбург-Елец 1', 'Линейный', 'Свечной', 676.2, '676-4.3', 'АЗТПА', '1986', NULL, 50, 437, NULL, '412', 'КЦ', 'Шаровой', 75, 'Подземное', '1986', 133, 'Ямбург-Елец 1, 676,2 км, Камера запуска'),
                                                                                                                                                                                                                                                                                                                                                            (434, 'Ямбург-Елец 1', 'Линейный', 'Свечной', 676.2, '676-4.3', 'АЗТПА', '1986', NULL, 50, 438, NULL, '409', 'КЦ', 'Шаровой', 75, 'Подземное', '1986', 134, 'Ямбург-Елец 1, 676,2 км, Камера запуска'),
                                                                                                                                                                                                                                                                                                                                                            (435, 'Ямбург-Елец 1', 'Линейный', 'Свечной', 676.2, '676-4.3', 'АЗТПА', '1986', NULL, 50, 439, NULL, '411', 'КЦ', 'Шаровой', 75, 'Подземное', '1986', 135, 'Ямбург-Елец 1, 676,2 км, Камера запуска'),
                                                                                                                                                                                                                                                                                                                                                            (436, 'Ямбург-Елец 1', 'Линейный', 'Свечной', 676.2, '676-4.3', 'АЗТПА', '1986', NULL, 50, 440, NULL, '412', 'КЦ', 'Шаровой', 75, 'Подземное', '1986', 136, 'Ямбург-Елец 1, 676,2 км, Камера запуска'),
                                                                                                                                                                                                                                                                                                                                                            (437, 'Ямбург-Елец 1', 'Линейный', 'Свечной', 676.2, '676-4.3', 'АЗТПА', '1986', NULL, 50, 441, NULL, '409', 'КЦ', 'Шаровой', 75, 'Подземное', '1986', 137, 'Ямбург-Елец 1, 676,2 км, Камера запуска'),
                                                                                                                                                                                                                                                                                                                                                            (438, 'Ямбург-Елец 1', 'Линейный', 'Свечной', 676.2, '676-4.3', 'АЗТПА', '1986', NULL, 50, 442, NULL, '411', 'КЦ', 'Шаровой', 75, 'Подземное', '1986', 138, 'Ямбург-Елец 1, 676,2 км, Камера запуска'),
                                                                                                                                                                                                                                                                                                                                                            (439, 'Ямбург-Елец 1', 'Линейный', 'Свечной', 676.2, '676-4.3', 'АЗТПА', '1986', NULL, 50, 443, NULL, '412', 'КЦ', 'Шаровой', 75, 'Подземное', '1986', 139, 'Ямбург-Елец 1, 676,2 км, Камера запуска'),
                                                                                                                                                                                                                                                                                                                                                            (440, 'Ямбург-Елец 1', 'Линейный', 'Свечной', 676.2, '676-4.3', 'АЗТПА', '1986', NULL, 50, 444, NULL, '409', 'КЦ', 'Шаровой', 75, 'Подземное', '1986', 140, 'Ямбург-Елец 1, 676,2 км, Камера запуска'),
                                                                                                                                                                                                                                                                                                                                                            (441, 'Ямбург-Елец 1', 'Линейный', 'Свечной', 676.2, '676-4.3', 'АЗТПА', '1986', NULL, 50, 445, NULL, '411', 'КЦ', 'Шаровой', 75, 'Подземное', '1986', 141, 'Ямбург-Елец 1, 676,2 км, Камера запуска'),
                                                                                                                                                                                                                                                                                                                                                            (442, 'Ямбург-Елец 1', 'Линейный', 'Свечной', 676.2, '676-4.3', 'АЗТПА', '1986', NULL, 50, 446, NULL, '412', 'КЦ', 'Шаровой', 75, 'Подземное', '1986', 142, 'Ямбург-Елец 1, 676,2 км, Камера запуска'),
                                                                                                                                                                                                                                                                                                                                                            (443, 'Ямбург-Елец 1', 'Линейный', 'Свечной', 676.2, '676-4.3', 'АЗТПА', '1986', NULL, 50, 447, NULL, '409', 'КЦ', 'Шаровой', 75, 'Подземное', '1986', 143, 'Ямбург-Елец 1, 676,2 км, Камера запуска'),
                                                                                                                                                                                                                                                                                                                                                            (444, 'Ямбург-Елец 1', 'Линейный', 'Свечной', 676.2, '676-4.3', 'АЗТПА', '1986', NULL, 50, 448, NULL, '411', 'КЦ', 'Шаровой', 75, 'Подземное', '1986', 144, 'Ямбург-Елец 1, 676,2 км, Камера запуска'),
                                                                                                                                                                                                                                                                                                                                                            (445, 'Ямбург-Елец 1', 'Линейный', 'Свечной', 676.2, '676-4.3', 'АЗТПА', '1986', NULL, 50, 449, NULL, '412', 'КЦ', 'Шаровой', 75, 'Подземное', '1986', 145, 'Ямбург-Елец 1, 676,2 км, Камера запуска'),
                                                                                                                                                                                                                                                                                                                                                            (446, 'Ямбург-Елец 1', 'Линейный', 'Обводной', 676.2, '676-4.6', 'АЗТПА', '1986', NULL, 300, 450, NULL, '409', 'КЦ', 'Шаровой', 75, 'Подземное', '1986', 146, 'Ямбург-Елец 1, 676,2 км, Камера приема'),
                                                                                                                                                                                                                                                                                                                                                            (447, 'Ямбург-Елец 1', 'Линейный', 'Обводной', 676.2, '676-4.7', 'АЗТПА', '1986', NULL, 300, 451, NULL, '411', 'КЦ', 'Шаровой', 75, 'Подземное', '1986', 147, 'Ямбург-Елец 1, 676,2 км, Камера приема'),
                                                                                                                                                                                                                                                                                                                                                            (448, 'Ямбург-Елец 1', 'Линейный', 'Обводной', 676.2, '676-4.8', 'АЗТПА', '1986', NULL, 300, 452, NULL, '412', 'КЦ', 'Шаровой', 75, 'Подземное', '1986', 148, 'Ямбург-Елец 1, 676,2 км, Камера приема'),
                                                                                                                                                                                                                                                                                                                                                            (449, 'Ямбург-Елец 1', 'Линейный', 'Обводной', 676.2, '676-4.9', 'АЗТПА', '1986', NULL, 300, 453, NULL, '409', 'КЦ', 'Шаровой', 75, 'Подземное', '1986', 149, 'Ямбург-Елец 1, 676,2 км, Камера приема'),
                                                                                                                                                                                                                                                                                                                                                            (450, 'Ямбург-Елец 1', 'Линейный', 'Обводной', 676.2, '676-4.10', 'Грове', '1986', NULL, 500, 454, NULL, '411', 'КЦ', 'Шаровой', 75, 'Подземное', '1986', 150, 'Ямбург-Елец 1, 676,2 км, Камера приема'),
                                                                                                                                                                                                                                                                                                                                                            (451, 'Ямбург-Елец 1', 'Линейный', 'отсечной', 676.2, '676-4.11', 'Уралхиммаш', '1986', NULL, 1400, 455, NULL, '412', 'КЦ', 'Шаровой', 75, 'Подземное', '1986', 151, 'Ямбург-Елец 1, 676,2 км, Камера приема'),
                                                                                                                                                                                                                                                                                                                                                            (452, 'Ямбург-Елец 1', 'Линейный', 'Свечной', 676.2, '676-4.3', 'АЗТПА', '1986', NULL, 50, 456, NULL, '409', 'КЦ', 'Шаровой', 75, 'Подземное', '1986', 152, 'Ямбург-Елец 1, 676,2 км, Камера приема'),
                                                                                                                                                                                                                                                                                                                                                            (453, 'Ямбург-Елец 1', 'Линейный', 'Свечной', 676.2, '676-4.3', 'АЗТПА', '1986', NULL, 50, 457, NULL, '411', 'КЦ', 'Шаровой', 75, 'Подземное', '1986', 153, 'Ямбург-Елец 1, 676,2 км, Камера приема'),
                                                                                                                                                                                                                                                                                                                                                            (454, 'Ямбург-Елец 1', 'Линейный', 'Свечной', 676.2, '676-4.3', 'АЗТПА', '1986', NULL, 50, 458, NULL, '412', 'КЦ', 'Шаровой', 75, 'Подземное', '1986', 154, 'Ямбург-Елец 1, 676,2 км, Камера приема'),
                                                                                                                                                                                                                                                                                                                                                            (455, 'Ямбург-Елец 1', 'Линейный', 'Свечной', 676.2, '676-4.3', 'Минхиммаш', '1986', NULL, 150, 459, NULL, '409', 'КЦ', 'Шаровой', 75, 'Подземное', '1986', 155, 'Ямбург-Елец 1, 676,2 км, Камера приема'),
                                                                                                                                                                                                                                                                                                                                                            (456, 'Ямбург-Елец 1', 'Линейный', 'Свечной', 676.2, '676-4.3', 'Минхиммаш', '1986', NULL, 150, 460, NULL, '411', 'КЦ', 'Шаровой', 75, 'Подземное', '1986', 156, 'Ямбург-Елец 1, 676,2 км, Камера приема'),
                                                                                                                                                                                                                                                                                                                                                            (457, 'Ямбург-Елец 1', 'Линейный', 'Свечной', 676.2, '676-4.3', 'АЗТПА', '1986', NULL, 50, 461, NULL, '412', 'КЦ', 'Шаровой', 75, 'Подземное', '1986', 157, 'Ямбург-Елец 1, 676,2 км, Камера приема'),
                                                                                                                                                                                                                                                                                                                                                            (458, 'Ямбург-Елец 1', 'Линейный', 'Свечной', 676.2, '676-4.3', 'АЗТПА', '1986', NULL, 50, 462, NULL, '409', 'КЦ', 'Шаровой', 75, 'Подземное', '1986', 158, 'Ямбург-Елец 1, 676,2 км, Камера приема'),
                                                                                                                                                                                                                                                                                                                                                            (459, 'Ямбург-Елец 1', 'Линейный', 'Свечной', 676.2, '676-4.3', 'АЗТПА', '1986', NULL, 50, 463, NULL, '411', 'КЦ', 'Шаровой', 75, 'Подземное', '1986', 159, 'Ямбург-Елец 1, 676,2 км, Камера приема'),
                                                                                                                                                                                                                                                                                                                                                            (460, 'Ямбург-Елец 1', 'Линейный', 'Свечной', 676.2, '676-4.3', 'АЗТПА', '1986', NULL, 50, 464, NULL, '412', 'КЦ', 'Шаровой', 75, 'Подземное', '1986', 160, 'Ямбург-Елец 1, 676,2 км, Камера приема'),
                                                                                                                                                                                                                                                                                                                                                            (461, 'Ямбург-Елец 1', 'Линейный', 'Свечной', 676.2, '676-4.3', 'АЗТПА', '1986', NULL, 50, 465, NULL, '409', 'КЦ', 'Шаровой', 75, 'Подземное', '1986', 161, 'Ямбург-Елец 1, 676,2 км, Камера приема'),
                                                                                                                                                                                                                                                                                                                                                            (462, 'Ямбург-Елец 1', 'Линейный', 'Свечной', 676.2, '676-4.3', 'АЗТПА', '1986', NULL, 50, 466, NULL, '411', 'КЦ', 'Шаровой', 75, 'Подземное', '1986', 162, 'Ямбург-Елец 1, 676,2 км, Камера приема'),
                                                                                                                                                                                                                                                                                                                                                            (463, 'Ямбург-Елец 1', 'Линейный', 'Свечной', 676.2, '676-4.3', 'Минхиммаш', '1986', NULL, 150, 467, NULL, '412', 'КЦ', 'Шаровой', 75, 'Подземное', '1986', 163, 'Ямбург-Елец 1, 676,2 км, Камера приема'),
                                                                                                                                                                                                                                                                                                                                                            (464, 'Ямбург-Елец 1', 'Линейный', 'Свечной', 676.2, '676-4.3', 'Минхиммаш', '1986', NULL, 150, 468, NULL, '409', 'КЦ', 'Шаровой', 75, 'Подземное', '1986', 164, 'Ямбург-Елец 1, 676,2 км, Камера приема'),
                                                                                                                                                                                                                                                                                                                                                            (465, 'Ямбург-Елец 1', 'Линейный', 'Свечной', 676.2, '676-4.3', 'Минхиммаш', '1986', NULL, 150, 469, NULL, '411', 'КЦ', 'Шаровой', 75, 'Подземное', '1986', 165, 'Ямбург-Елец 1, 676,2 км, Камера приема'),
                                                                                                                                                                                                                                                                                                                                                            (466, 'Ямбург-Елец 1', 'Линейный', 'Свечной', 676.2, '676-4.3', 'Минхиммаш', '1986', NULL, 150, 470, NULL, '412', 'КЦ', 'Шаровой', 75, 'Подземное', '1986', 166, 'Ямбург-Елец 1, 676,2 км, Камера приема'),
                                                                                                                                                                                                                                                                                                                                                            (467, 'Ямбург-Елец 2', 'Линейный', 'Обводной', 682.4, '682-5.1', 'Грове', '1987', NULL, 500, 471, NULL, '409', 'КЦ', 'Шаровой', 75, 'Подземное', '1987', 167, 'Ямбург-Елец 2, 682,4 км, Камера запуска'),
                                                                                                                                                                                                                                                                                                                                                            (468, 'Ямбург-Елец 2', 'Линейный', 'Обводной', 682.4, '682-5.2', 'Грове', '1987', NULL, 500, 472, NULL, '411', 'КЦ', 'Шаровой', 75, 'Подземное', '1987', 168, 'Ямбург-Елец 2, 682,4 км, Камера запуска'),
                                                                                                                                                                                                                                                                                                                                                            (469, 'Ямбург-Елец 2', 'Линейный', 'Обводной', 682.4, '682-5.4', 'Грове', '1987', NULL, 500, 473, NULL, '412', 'КЦ', 'Шаровой', 75, 'Подземное', '1987', 169, 'Ямбург-Елец 2, 682,4 км, Камера запуска'),
                                                                                                                                                                                                                                                                                                                                                            (470, 'Ямбург-Елец 2', 'Линейный', 'Обводной', 682.4, '682-5.5', 'Дзержинскхиммаш', '1987', NULL, 300, 474, NULL, '409', 'КЦ', 'Шаровой', 75, 'Подземное', '1987', 170, 'Ямбург-Елец 2, 682,4 км, Камера запуска'),
                                                                                                                                                                                                                                                                                                                                                            (471, 'Ямбург-Елец 2', 'Линейный', 'отсечной', 682.4, '682-5.6', 'Уралхиммаш', '1987', NULL, 1400, 475, NULL, '411', 'КЦ', 'Шаровой', 75, 'Подземное', '1987', 171, 'Ямбург-Елец 2, 682,4 км, Камера запуска'),
                                                                                                                                                                                                                                                                                                                                                            (472, 'Ямбург-Елец 2', 'Линейный', 'Свечной', 682.4, '682-5.3', 'АЗТПА', '1987', NULL, 50, 476, NULL, '412', 'КЦ', 'Шаровой', 75, 'Подземное', '1987', 172, 'Ямбург-Елец 2, 682,4 км, Камера запуска'),
                                                                                                                                                                                                                                                                                                                                                            (473, 'Ямбург-Елец 2', 'Линейный', 'Свечной', 682.4, '682-5.3', 'АЗТПА', '1987', NULL, 50, 477, NULL, '409', 'КЦ', 'Шаровой', 75, 'Подземное', '1987', 173, 'Ямбург-Елец 2, 682,4 км, Камера запуска'),
                                                                                                                                                                                                                                                                                                                                                            (474, 'Ямбург-Елец 2', 'Линейный', 'Свечной', 682.4, '682-5.3', 'АЗТПА', '1987', NULL, 50, 478, NULL, '411', 'КЦ', 'Шаровой', 75, 'Подземное', '1987', 174, 'Ямбург-Елец 2, 682,4 км, Камера запуска'),
                                                                                                                                                                                                                                                                                                                                                            (475, 'Ямбург-Елец 2', 'Линейный', 'Свечной', 682.4, '682-5.3', 'АЗТПА', '1987', NULL, 50, 479, NULL, '412', 'КЦ', 'Шаровой', 75, 'Подземное', '1987', 175, 'Ямбург-Елец 2, 682,4 км, Камера запуска'),
                                                                                                                                                                                                                                                                                                                                                            (476, 'Ямбург-Елец 2', 'Линейный', 'Свечной', 682.4, '682-5.3', 'АЗТПА', '1987', NULL, 50, 480, NULL, '409', 'КЦ', 'Шаровой', 75, 'Подземное', '1987', 176, 'Ямбург-Елец 2, 682,4 км, Камера запуска'),
                                                                                                                                                                                                                                                                                                                                                            (477, 'Ямбург-Елец 2', 'Линейный', 'Свечной', 682.4, '682-5.3', 'АЗТПА', '1987', NULL, 50, 481, NULL, '411', 'КЦ', 'Шаровой', 75, 'Подземное', '1987', 177, 'Ямбург-Елец 2, 682,4 км, Камера запуска'),
                                                                                                                                                                                                                                                                                                                                                            (478, 'Ямбург-Елец 2', 'Линейный', 'Свечной', 682.4, '682-5.3', 'АЗТПА', '1987', NULL, 50, 482, NULL, '412', 'КЦ', 'Шаровой', 75, 'Подземное', '1987', 178, 'Ямбург-Елец 2, 682,4 км, Камера запуска'),
                                                                                                                                                                                                                                                                                                                                                            (479, 'Ямбург-Елец 2', 'Линейный', 'Свечной', 682.4, '682-5.3', 'АЗТПА', '1987', NULL, 50, 483, NULL, '409', 'КЦ', 'Шаровой', 75, 'Подземное', '1987', 179, 'Ямбург-Елец 2, 682,4 км, Камера запуска'),
                                                                                                                                                                                                                                                                                                                                                            (480, 'Ямбург-Елец 2', 'Линейный', 'Свечной', 682.4, '682-5.3', 'АЗТПА', '1987', NULL, 50, 484, NULL, '411', 'КЦ', 'Шаровой', 75, 'Подземное', '1987', 180, 'Ямбург-Елец 2, 682,4 км, Камера запуска'),
                                                                                                                                                                                                                                                                                                                                                            (481, 'Ямбург-Елец 2', 'Линейный', 'Свечной', 682.4, '682-5.3', 'Минхиммаш', '1987', NULL, 150, 485, NULL, '412', 'КЦ', 'Шаровой', 75, 'Подземное', '1987', 181, 'Ямбург-Елец 2, 682,4 км, Камера запуска'),
                                                                                                                                                                                                                                                                                                                                                            (482, 'Ямбург-Елец 2', 'Линейный', 'Обводной', 682.4, '682-5.7', 'ЧКД Бланско', '1987', NULL, 300, 486, NULL, '409', 'КЦ', 'Шаровой', 75, 'Подземное', '1987', 182, 'Ямбург-Елец 2, 682,4 км, Камера приема'),
                                                                                                                                                                                                                                                                                                                                                            (483, 'Ямбург-Елец 2', 'Линейный', 'Обводной', 682.4, '682-5.8', 'Грове', '1987', NULL, 500, 487, NULL, '411', 'КЦ', 'Шаровой', 75, 'Подземное', '1987', 183, 'Ямбург-Елец 2, 682,4 км, Камера приема'),
                                                                                                                                                                                                                                                                                                                                                            (484, 'Ямбург-Елец 2', 'Линейный', 'отсечной', 682.4, '682-5.9', 'Уралхиммаш', '1987', NULL, 1400, 488, NULL, '412', 'КЦ', 'Шаровой', 75, 'Подземное', '1987', 184, 'Ямбург-Елец 2, 682,4 км, Камера приема'),
                                                                                                                                                                                                                                                                                                                                                            (485, 'Ямбург-Елец 2', 'Линейный', 'Свечной', 682.4, '682-5.3', 'Грове', '1987', NULL, 150, 489, NULL, '409', 'КЦ', 'Шаровой', 75, 'Подземное', '1987', 185, 'Ямбург-Елец 2, 682,4 км, Камера приема'),
                                                                                                                                                                                                                                                                                                                                                            (486, 'Ямбург-Елец 2', 'Линейный', 'Свечной', 682.4, '682-5.3', 'АЗТПА', '1987', NULL, 50, 490, NULL, '411', 'КЦ', 'Шаровой', 75, 'Подземное', '1987', 186, 'Ямбург-Елец 2, 682,4 км, Камера приема'),
                                                                                                                                                                                                                                                                                                                                                            (487, 'Ямбург-Елец 2', 'Линейный', 'Свечной', 682.4, '682-5.3', 'АЗТПА', '1987', NULL, 50, 491, NULL, '412', 'КЦ', 'Шаровой', 75, 'Подземное', '1987', 187, 'Ямбург-Елец 2, 682,4 км, Камера приема'),
                                                                                                                                                                                                                                                                                                                                                            (488, 'Ямбург-Елец 2', 'Линейный', 'Свечной', 682.4, '682-5.3', 'АЗТПА', '1987', NULL, 50, 492, NULL, '409', 'КЦ', 'Шаровой', 75, 'Подземное', '1987', 188, 'Ямбург-Елец 2, 682,4 км, Камера приема'),
                                                                                                                                                                                                                                                                                                                                                            (489, 'Ямбург-Елец 2', 'Линейный', 'Свечной', 682.4, '682-5.3', 'АЗТПА', '1987', NULL, 50, 493, NULL, '411', 'КЦ', 'Шаровой', 75, 'Подземное', '1987', 189, 'Ямбург-Елец 2, 682,4 км, Камера приема'),
                                                                                                                                                                                                                                                                                                                                                            (490, 'Ямбург-Елец 2', 'Линейный', 'Свечной', 682.4, '682-5.3', 'Минхиммаш', '1987', NULL, 150, 494, NULL, '412', 'КЦ', 'Шаровой', 75, 'Подземное', '1987', 190, 'Ямбург-Елец 2, 682,4 км, Камера приема'),
                                                                                                                                                                                                                                                                                                                                                            (491, 'Ямбург-Елец 2', 'Линейный', 'Свечной', 682.4, '682-5.3', 'Грове', '1987', NULL, 150, 495, NULL, '409', 'КЦ', 'Шаровой', 75, 'Подземное', '1987', 191, 'Ямбург-Елец 2, 682,4 км, Камера приема'),
                                                                                                                                                                                                                                                                                                                                                            (492, 'Ямбург-Елец 2', 'Линейный', 'Свечной', 682.4, '682-5.3', 'Грове', '1987', NULL, 150, 496, NULL, '411', 'КЦ', 'Шаровой', 75, 'Подземное', '1987', 192, 'Ямбург-Елец 2, 682,4 км, Камера приема'),
                                                                                                                                                                                                                                                                                                                                                            (493, 'Ямбург-Елец 2', 'Линейный', 'Свечной', 682.4, '682-5.3', 'Грове', '1987', NULL, 150, 497, NULL, '412', 'КЦ', 'Шаровой', 75, 'Подземное', '1987', 193, 'Ямбург-Елец 2, 682,4 км, Камера приема'),
                                                                                                                                                                                                                                                                                                                                                            (494, 'Ямбург-Елец 2', 'Линейный', 'Свечной', 682.4, '682-5.3', 'АЗТПА', '1987', NULL, 50, 498, NULL, '409', 'КЦ', 'Шаровой', 75, 'Подземное', '1987', 194, 'Ямбург-Елец 2, 682,4 км, Камера приема'),
                                                                                                                                                                                                                                                                                                                                                            (495, 'Ямбург-Зап.граница', 'Линейный', 'Обводной', 686.6, '686-6.1', 'ЧКД Бланско', '1987', NULL, 300, 499, NULL, '411', 'КЦ', 'Шаровой', 75, 'Подземное', '1987', 195, 'Ямбург-Зап.граница, 686,6 км, Камера запуска'),
                                                                                                                                                                                                                                                                                                                                                            (496, 'Ямбург-Зап.граница', 'Линейный', 'Обводной', 686.6, '686-6.2', 'Грове', '1987', NULL, 500, 500, NULL, '412', 'КЦ', 'Шаровой', 75, 'Подземное', '1987', 196, 'Ямбург-Зап.граница, 686,6 км, Камера запуска'),
                                                                                                                                                                                                                                                                                                                                                            (497, 'Ямбург-Зап.граница', 'Линейный', 'Обводной', 686.6, '686-6.4', 'Грове', '1987', NULL, 500, 501, NULL, '409', 'КЦ', 'Шаровой', 75, 'Подземное', '1987', 197, 'Ямбург-Зап.граница, 686,6 км, Камера запуска'),
                                                                                                                                                                                                                                                                                                                                                            (498, 'Ямбург-Зап.граница', 'Линейный', 'отсечной', 686.6, '686-6.5', 'АЗТПА', '1987', NULL, 1400, 502, NULL, '411', 'КЦ', 'Шаровой', 75, 'Подземное', '1987', 198, 'Ямбург-Зап.граница, 686,6 км, Камера запуска'),
                                                                                                                                                                                                                                                                                                                                                            (499, 'Ямбург-Зап.граница', 'Линейный', 'Свечной', 686.6, '686-6.3', 'АЗТПА', '1987', NULL, 50, 503, NULL, '412', 'КЦ', 'Шаровой', 75, 'Подземное', '1987', 199, 'Ямбург-Зап.граница, 686,6 км, Камера запуска'),
                                                                                                                                                                                                                                                                                                                                                            (500, 'Ямбург-Зап.граница', 'Линейный', 'Свечной', 686.6, '686-6.3', 'АЗТПА', '1987', NULL, 50, 504, NULL, '409', 'КЦ', 'Шаровой', 75, 'Подземное', '1987', 200, 'Ямбург-Зап.граница, 686,6 км, Камера запуска'),
                                                                                                                                                                                                                                                                                                                                                            (501, 'Ямбург-Зап.граница', 'Линейный', 'Свечной', 686.6, '686-6.3', 'АЗТПА', '1987', NULL, 50, 505, NULL, '411', 'КЦ', 'Шаровой', 75, 'Подземное', '1987', 201, 'Ямбург-Зап.граница, 686,6 км, Камера запуска'),
                                                                                                                                                                                                                                                                                                                                                            (502, 'Ямбург-Зап.граница', 'Линейный', 'Свечной', 686.6, '686-6.3', 'АЗТПА', '1987', NULL, 50, 506, NULL, '412', 'КЦ', 'Шаровой', 75, 'Подземное', '1987', 202, 'Ямбург-Зап.граница, 686,6 км, Камера запуска'),
                                                                                                                                                                                                                                                                                                                                                            (503, 'Ямбург-Зап.граница', 'Линейный', 'Свечной', 686.6, '686-6.3', 'АЗТПА', '1987', NULL, 50, 507, NULL, '409', 'КЦ', 'Шаровой', 75, 'Подземное', '1987', 203, 'Ямбург-Зап.граница, 686,6 км, Камера запуска'),
                                                                                                                                                                                                                                                                                                                                                            (504, 'Ямбург-Зап.граница', 'Линейный', 'Свечной', 686.6, '686-6.3', 'АЗТПА', '1987', NULL, 50, 508, NULL, '411', 'КЦ', 'Шаровой', 75, 'Подземное', '1987', 204, 'Ямбург-Зап.граница, 686,6 км, Камера запуска'),
                                                                                                                                                                                                                                                                                                                                                            (505, 'Ямбург-Зап.граница', 'Линейный', 'Свечной', 686.6, '686-6.3', 'АЗТПА', '1987', NULL, 50, 509, NULL, '412', 'КЦ', 'Шаровой', 75, 'Подземное', '1987', 205, 'Ямбург-Зап.граница, 686,6 км, Камера запуска'),
                                                                                                                                                                                                                                                                                                                                                            (506, 'Ямбург-Зап.граница', 'Линейный', 'Свечной', 686.6, '686-6.3', 'АЗТПА', '1987', NULL, 50, 510, NULL, '409', 'КЦ', 'Шаровой', 75, 'Подземное', '1987', 206, 'Ямбург-Зап.граница, 686,6 км, Камера запуска'),
                                                                                                                                                                                                                                                                                                                                                            (507, 'Ямбург-Зап.граница', 'Линейный', 'Свечной', 686.6, '686-6.3', 'АЗТПА', '1987', NULL, 50, 511, NULL, '411', 'КЦ', 'Шаровой', 75, 'Подземное', '1987', 207, 'Ямбург-Зап.граница, 686,6 км, Камера запуска'),
                                                                                                                                                                                                                                                                                                                                                            (508, 'Ямбург-Зап.граница', 'Линейный', 'Свечной', 686.6, '686-6.3', 'АЗТПА', '1987', NULL, 50, 512, NULL, '412', 'КЦ', 'Шаровой', 75, 'Подземное', '1987', 208, 'Ямбург-Зап.граница, 686,6 км, Камера запуска'),
                                                                                                                                                                                                                                                                                                                                                            (509, 'Ямбург-Зап.граница', 'Линейный', 'Свечной', 686.6, '686-6.3', 'АЗТПА', '1987', NULL, 50, 513, NULL, '409', 'КЦ', 'Шаровой', 75, 'Подземное', '1987', 209, 'Ямбург-Зап.граница, 686,6 км, Камера запуска'),
                                                                                                                                                                                                                                                                                                                                                            (510, 'Ямбург-Зап.граница', 'Линейный', 'Обводной', 686.6, '686-6.6', 'ЧКД Бланско', '1987', NULL, 300, 514, NULL, '411', 'КЦ', 'Шаровой', 75, 'Подземное', '1987', 210, 'Ямбург-Зап.граница, 686,6 км, Камера приема'),
                                                                                                                                                                                                                                                                                                                                                            (511, 'Ямбург-Зап.граница', 'Линейный', 'Обводной', 686.6, '686-6.7', 'АЗТПА', '1987', NULL, 500, 515, NULL, '412', 'КЦ', 'Шаровой', 75, 'Подземное', '1987', 211, 'Ямбург-Зап.граница, 686,6 км, Камера приема'),
                                                                                                                                                                                                                                                                                                                                                            (512, 'Ямбург-Зап.граница', 'Линейный', 'Обводной', 686.6, '686-6.8', 'ЧКД Бланско', '1987', NULL, 300, 516, NULL, '409', 'КЦ', 'Шаровой', 75, 'Подземное', '1987', 212, 'Ямбург-Зап.граница, 686,6 км, Камера приема'),
                                                                                                                                                                                                                                                                                                                                                            (513, 'Ямбург-Зап.граница', 'Линейный', 'Обводной', 686.6, '686-6.9', 'ЧКД Бланско', '1987', NULL, 300, 517, NULL, '411', 'КЦ', 'Шаровой', 75, 'Подземное', '1987', 213, 'Ямбург-Зап.граница, 686,6 км, Камера приема'),
                                                                                                                                                                                                                                                                                                                                                            (514, 'Ямбург-Зап.граница', 'Линейный', 'отсечной', 686.6, '686-6.10', 'АЗТПА', '1987', NULL, 1400, 518, NULL, '412', 'КЦ', 'Шаровой', 75, 'Подземное', '1987', 214, 'Ямбург-Зап.граница, 686,6 км, Камера приема'),
                                                                                                                                                                                                                                                                                                                                                            (515, 'Ямбург-Зап.граница', 'Линейный', 'Свечной', 686.6, '686-6.3', 'АЗТПА', '1987', NULL, 50, 519, NULL, '409', 'КЦ', 'Шаровой', 75, 'Подземное', '1987', 215, 'Ямбург-Зап.граница, 686,6 км, Камера приема'),
                                                                                                                                                                                                                                                                                                                                                            (516, 'Ямбург-Зап.граница', 'Линейный', 'Свечной', 686.6, '686-6.3', 'АЗТПА', '1987', NULL, 50, 520, NULL, '411', 'КЦ', 'Шаровой', 75, 'Подземное', '1987', 216, 'Ямбург-Зап.граница, 686,6 км, Камера приема'),
                                                                                                                                                                                                                                                                                                                                                            (517, 'Ямбург-Зап.граница', 'Линейный', 'Свечной', 686.6, '686-6.3', 'АЗТПА', '1987', NULL, 50, 521, NULL, '412', 'КЦ', 'Шаровой', 75, 'Подземное', '1987', 217, 'Ямбург-Зап.граница, 686,6 км, Камера приема'),
                                                                                                                                                                                                                                                                                                                                                            (518, 'Ямбург-Зап.граница', 'Линейный', 'Свечной', 686.6, '686-6.3', 'АЗТПА', '1987', NULL, 50, 522, NULL, '409', 'КЦ', 'Шаровой', 75, 'Подземное', '1987', 218, 'Ямбург-Зап.граница, 686,6 км, Камера приема'),
                                                                                                                                                                                                                                                                                                                                                            (519, 'Ямбург-Зап.граница', 'Линейный', 'Свечной', 686.6, '686-6.3', 'АЗТПА', '1987', NULL, 50, 523, NULL, '411', 'КЦ', 'Шаровой', 75, 'Подземное', '1987', 219, 'Ямбург-Зап.граница, 686,6 км, Камера приема'),
                                                                                                                                                                                                                                                                                                                                                            (520, 'Ямбург-Зап.граница', 'Линейный', 'Свечной', 686.6, '686-6.3', 'АЗТПА', '1987', NULL, 50, 524, NULL, '412', 'КЦ', 'Шаровой', 75, 'Подземное', '1987', 220, 'Ямбург-Зап.граница, 686,6 км, Камера приема'),
                                                                                                                                                                                                                                                                                                                                                            (521, 'Ямбург-Зап.граница', 'Линейный', 'Свечной', 686.6, '686-6.3', 'АЗТПА', '1987', NULL, 50, 525, NULL, '409', 'КЦ', 'Шаровой', 75, 'Подземное', '1987', 221, 'Ямбург-Зап.граница, 686,6 км, Камера приема'),
                                                                                                                                                                                                                                                                                                                                                            (522, 'Ямбург-Зап.граница', 'Линейный', 'Свечной', 686.6, '686-6.3', 'Минхиммаш', '1987', NULL, 150, 526, NULL, '411', 'КЦ', 'Шаровой', 75, 'Подземное', '1987', 222, 'Ямбург-Зап.граница, 686,6 км, Камера приема'),
                                                                                                                                                                                                                                                                                                                                                            (523, 'Ямбург-Зап.граница', 'Линейный', 'Свечной', 686.6, '686-6.3', 'Минхиммаш', '1987', NULL, 150, 527, NULL, '412', 'КЦ', 'Шаровой', 75, 'Подземное', '1987', 223, 'Ямбург-Зап.граница, 686,6 км, Камера приема'),
                                                                                                                                                                                                                                                                                                                                                            (524, 'Ямбург-Зап.граница', 'Линейный', 'Свечной', 686.6, '686-6.3', 'Минхиммаш', '1987', NULL, 150, 528, NULL, '409', 'КЦ', 'Шаровой', 75, 'Подземное', '1987', 224, 'Ямбург-Зап.граница, 686,6 км, Камера приема'),
                                                                                                                                                                                                                                                                                                                                                            (525, 'Ямбург-Зап.граница', 'Линейный', 'Свечной', 686.6, '686-6.3', 'Минхиммаш', '1987', NULL, 150, 529, NULL, '411', 'КЦ', 'Шаровой', 75, 'Подземное', '1987', 225, 'Ямбург-Зап.граница, 686,6 км, Камера приема'),
                                                                                                                                                                                                                                                                                                                                                            (526, 'Ямбург-Зап.граница', 'Линейный', 'Свечной', 686.6, '686-6.3', 'Минхиммаш', '1987', NULL, 150, 530, NULL, '412', 'КЦ', 'Шаровой', 75, 'Подземное', '1987', 226, 'Ямбург-Зап.граница, 686,6 км, Камера приема'),
                                                                                                                                                                                                                                                                                                                                                            (527, 'Ямбург-Зап.граница', 'Линейный', 'Свечной', 686.6, '686-6.3', 'Минхиммаш', '1987', NULL, 150, 531, NULL, '409', 'КЦ', 'Шаровой', 75, 'Подземное', '1987', 227, 'Ямбург-Зап.граница, 686,6 км, Камера приема'),
                                                                                                                                                                                                                                                                                                                                                            (528, 'Ямбург-Зап.граница', 'Линейный', 'Свечной', 686.6, '686-6.3', 'АЗТПА', '1987', NULL, 50, 532, NULL, '411', 'КЦ', 'Шаровой', 75, 'Подземное', '1987', 228, 'Ямбург-Зап.граница, 686,6 км, Камера приема'),
                                                                                                                                                                                                                                                                                                                                                            (529, 'Ямбург-Зап.граница', 'Линейный', 'Свечной', 686.6, '686-6.3', 'АЗТПА', '1987', NULL, 50, 533, NULL, '412', 'КЦ', 'Шаровой', 75, 'Подземное', '1987', 229, 'Ямбург-Зап.граница, 686,6 км, Камера приема'),
                                                                                                                                                                                                                                                                                                                                                            (530, 'Ямбург-Зап.граница', 'Линейный', 'Свечной', 686.6, '686-6.3', 'АЗТПА', '1987', NULL, 50, 534, NULL, '409', 'КЦ', 'Шаровой', 75, 'Подземное', '1987', 230, 'Ямбург-Зап.граница, 686,6 км, Камера приема'),
                                                                                                                                                                                                                                                                                                                                                            (531, 'Ямбург-Зап.граница', 'Линейный', 'Свечной', 686.6, '686-6.3', 'АЗТПА', '1987', NULL, 50, 535, NULL, '411', 'КЦ', 'Шаровой', 75, 'Подземное', '1987', 231, 'Ямбург-Зап.граница, 686,6 км, Камера приема'),
                                                                                                                                                                                                                                                                                                                                                            (532, 'Ямбург-Поволжье', 'Линейный', 'Обводной', 683.6, '683-9.1', 'АЗТПА', '1990', NULL, 500, 536, NULL, '412', 'КЦ', 'Шаровой', 75, 'Подземное', '1990', 232, 'Ямбург-Поволжье, 683,6 км, Камера запуска'),
                                                                                                                                                                                                                                                                                                                                                            (533, 'Ямбург-Поволжье', 'Линейный', 'Обводной', 683.6, '683-9.2', 'АЗТПА', '1990', NULL, 500, 537, NULL, '409', 'КЦ', 'Шаровой', 75, 'Подземное', '1990', 233, 'Ямбург-Поволжье, 683,6 км, Камера запуска'),
                                                                                                                                                                                                                                                                                                                                                            (534, 'Ямбург-Поволжье', 'Линейный', 'Обводной', 683.6, '683-9.4', 'Грове', '1990', NULL, 300, 538, NULL, '411', 'КЦ', 'Шаровой', 75, 'Подземное', '1990', 234, 'Ямбург-Поволжье, 683,6 км, Камера запуска'),
                                                                                                                                                                                                                                                                                                                                                            (535, 'Ямбург-Поволжье', 'Линейный', 'отсечной', 683.6, '683-9.5', 'АЗТПА', '1990', NULL, 1400, 539, NULL, '412', 'КЦ', 'Шаровой', 75, 'Подземное', '1990', 235, 'Ямбург-Поволжье, 683,6 км, Камера запуска'),
                                                                                                                                                                                                                                                                                                                                                            (536, 'Ямбург-Поволжье', 'Линейный', 'Свечной', 683.6, '683-9.3', 'АЗТПА', '1990', NULL, 50, 540, NULL, '409', 'КЦ', 'Шаровой', 75, 'Подземное', '1990', 236, 'Ямбург-Поволжье, 683,6 км, Камера запуска'),
                                                                                                                                                                                                                                                                                                                                                            (537, 'Ямбург-Поволжье', 'Линейный', 'Свечной', 683.6, '683-9.3', 'АЗТПА', '1990', NULL, 50, 541, NULL, '411', 'КЦ', 'Шаровой', 75, 'Подземное', '1990', 237, 'Ямбург-Поволжье, 683,6 км, Камера запуска'),
                                                                                                                                                                                                                                                                                                                                                            (538, 'Ямбург-Поволжье', 'Линейный', 'Свечной', 683.6, '683-9.3', 'АЗТПА', '1990', NULL, 50, 542, NULL, '412', 'КЦ', 'Шаровой', 75, 'Подземное', '1990', 238, 'Ямбург-Поволжье, 683,6 км, Камера запуска'),
                                                                                                                                                                                                                                                                                                                                                            (539, 'Ямбург-Поволжье', 'Линейный', 'Свечной', 683.6, '683-9.3', 'АЗТПА', '1990', NULL, 50, 543, NULL, '409', 'КЦ', 'Шаровой', 75, 'Подземное', '1990', 239, 'Ямбург-Поволжье, 683,6 км, Камера запуска'),
                                                                                                                                                                                                                                                                                                                                                            (540, 'Ямбург-Поволжье', 'Линейный', 'Свечной', 683.6, '683-9.3', 'АЗТПА', '1990', NULL, 50, 544, NULL, '411', 'КЦ', 'Шаровой', 75, 'Подземное', '1990', 240, 'Ямбург-Поволжье, 683,6 км, Камера запуска'),
                                                                                                                                                                                                                                                                                                                                                            (541, 'Ямбург-Поволжье', 'Линейный', 'Свечной', 683.6, '683-9.3', 'АЗТПА', '1990', NULL, 50, 545, NULL, '412', 'КЦ', 'Шаровой', 75, 'Подземное', '1990', 241, 'Ямбург-Поволжье, 683,6 км, Камера запуска'),
                                                                                                                                                                                                                                                                                                                                                            (542, 'Ямбург-Поволжье', 'Линейный', 'Свечной', 683.6, '683-9.3', 'АЗТПА', '1990', NULL, 50, 546, NULL, '409', 'КЦ', 'Шаровой', 75, 'Подземное', '1990', 242, 'Ямбург-Поволжье, 683,6 км, Камера запуска'),
                                                                                                                                                                                                                                                                                                                                                            (543, 'Ямбург-Поволжье', 'Линейный', 'Свечной', 683.6, '683-9.3', 'АЗТПА', '1990', NULL, 50, 547, NULL, '411', 'КЦ', 'Шаровой', 75, 'Подземное', '1990', 243, 'Ямбург-Поволжье, 683,6 км, Камера запуска'),
                                                                                                                                                                                                                                                                                                                                                            (544, 'Ямбург-Поволжье', 'Линейный', 'Свечной', 683.6, '683-9.3', 'АЗТПА', '1990', NULL, 50, 548, NULL, '412', 'КЦ', 'Шаровой', 75, 'Подземное', '1990', 244, 'Ямбург-Поволжье, 683,6 км, Камера запуска'),
                                                                                                                                                                                                                                                                                                                                                            (545, 'Ямбург-Поволжье', 'Линейный', 'Свечной', 683.6, '683-9.3', 'АЗТПА', '1990', NULL, 50, 549, NULL, '409', 'КЦ', 'Шаровой', 75, 'Подземное', '1990', 245, 'Ямбург-Поволжье, 683,6 км, Камера запуска'),
                                                                                                                                                                                                                                                                                                                                                            (546, 'Ямбург-Поволжье', 'Линейный', 'Свечной', 683.6, '683-9.3', 'АЗТПА', '1990', NULL, 50, 550, NULL, '411', 'КЦ', 'Шаровой', 75, 'Подземное', '1990', 246, 'Ямбург-Поволжье, 683,6 км, Камера запуска'),
                                                                                                                                                                                                                                                                                                                                                            (547, 'Ямбург-Поволжье', 'Линейный', 'Свечной', 683.6, '683-9.3', 'АЗТПА', '1990', NULL, 50, 551, NULL, '412', 'КЦ', 'Шаровой', 75, 'Подземное', '1990', 247, 'Ямбург-Поволжье, 683,6 км, Камера запуска'),
                                                                                                                                                                                                                                                                                                                                                            (548, 'Ямбург-Поволжье', 'Линейный', 'Свечной', 683.6, '683-9.3', 'АЗТПА', '1990', NULL, 50, 552, NULL, '409', 'КЦ', 'Шаровой', 75, 'Подземное', '1990', 248, 'Ямбург-Поволжье, 683,6 км, Камера запуска'),
                                                                                                                                                                                                                                                                                                                                                            (549, 'Ямбург-Поволжье', 'Линейный', 'Свечной', 683.6, '683-9.3', 'АЗТПА', '1990', NULL, 50, 553, NULL, '411', 'КЦ', 'Шаровой', 75, 'Подземное', '1990', 249, 'Ямбург-Поволжье, 683,6 км, Камера запуска'),
                                                                                                                                                                                                                                                                                                                                                            (550, 'Ямбург-Поволжье', 'Линейный', 'Свечной', 683.6, '683-9.3', 'АЗТПА', '1990', NULL, 50, 554, NULL, '412', 'КЦ', 'Шаровой', 75, 'Подземное', '1990', 250, 'Ямбург-Поволжье, 683,6 км, Камера запуска'),
                                                                                                                                                                                                                                                                                                                                                            (551, 'Ямбург-Поволжье', 'Линейный', 'Обводной', 683.6, '683-9.6', 'Цимлянский МЗ ', '2013', NULL, 300, 555, NULL, '409', 'КЦ', 'Шаровой', 80, 'Подземное', '2013', 251, 'Ямбург-Поволжье, 683,6 км, Камера приема'),
                                                                                                                                                                                                                                                                                                                                                            (552, 'Ямбург-Поволжье', 'Линейный', 'Обводной', 683.6, '683-9.7', 'ЧКД Бланско', '1990', NULL, 300, 556, NULL, '411', 'КЦ', 'Шаровой', 75, 'Подземное', '1990', 252, 'Ямбург-Поволжье, 683,6 км, Камера приема');
INSERT INTO `fittings` (`id`, `name_highways`, `crane_class`, `name_crane`, `location_crane`, `technical_number`, `company`, `year_manufacture`, `factory_number`, `Dn`, `id_malfunction`, `plan_replacement`, `IUS`, `unification_crane`, `type_reinforcement`, `pressure`, `execution`, `year_commission`, `id_drive`, `classification_installation`) VALUES
                                                                                                                                                                                                                                                                                                                                                            (553, 'Ямбург-Поволжье', 'Линейный', 'Обводной', 683.6, '683-9.8', 'ЧКД Бланско', '1990', NULL, 300, 557, NULL, '412', 'КЦ', 'Шаровой', 75, 'Подземное', '1990', 253, 'Ямбург-Поволжье, 683,6 км, Камера приема'),
                                                                                                                                                                                                                                                                                                                                                            (554, 'Ямбург-Поволжье', 'Линейный', 'Обводной', 683.6, '683-9.9', 'АЗТПА', '1990', NULL, 500, 558, NULL, '409', 'КЦ', 'Шаровой', 75, 'Подземное', '1990', 254, 'Ямбург-Поволжье, 683,6 км, Камера приема'),
                                                                                                                                                                                                                                                                                                                                                            (555, 'Ямбург-Поволжье', 'Линейный', 'отсечной', 683.6, '683-9.10', 'АЗТПА', '1990', NULL, 1400, 559, NULL, '411', 'КЦ', 'Шаровой', 75, 'Подземное', '1990', 255, 'Ямбург-Поволжье, 683,6 км, Камера приема'),
                                                                                                                                                                                                                                                                                                                                                            (556, 'Ямбург-Поволжье', 'Линейный', 'Свечной', 683.6, '683-9.3', 'АЗТПА', '1990', NULL, 50, 560, NULL, '412', 'КЦ', 'Шаровой', 75, 'Подземное', '1990', 256, 'Ямбург-Поволжье, 683,6 км, Камера приема'),
                                                                                                                                                                                                                                                                                                                                                            (557, 'Ямбург-Поволжье', 'Линейный', 'Свечной', 683.6, '683-9.3', 'АЗТПА', '1990', NULL, 50, 561, NULL, '409', 'КЦ', 'Шаровой', 75, 'Подземное', '1990', 257, 'Ямбург-Поволжье, 683,6 км, Камера приема'),
                                                                                                                                                                                                                                                                                                                                                            (558, 'Ямбург-Поволжье', 'Линейный', 'Свечной', 683.6, '683-9.3', 'Минхиммаш', '1990', NULL, 150, 562, NULL, '411', 'КЦ', 'Шаровой', 75, 'Подземное', '1990', 258, 'Ямбург-Поволжье, 683,6 км, Камера приема'),
                                                                                                                                                                                                                                                                                                                                                            (559, 'Ямбург-Поволжье', 'Линейный', 'Свечной', 683.6, '683-9.3', 'Минхиммаш', '1990', NULL, 150, 563, NULL, '412', 'КЦ', 'Шаровой', 75, 'Подземное', '1990', 259, 'Ямбург-Поволжье, 683,6 км, Камера приема'),
                                                                                                                                                                                                                                                                                                                                                            (560, 'Ямбург-Поволжье', 'Линейный', 'Свечной', 683.6, '683-9.3', 'Минхиммаш', '1990', NULL, 150, 564, NULL, '409', 'КЦ', 'Шаровой', 75, 'Подземное', '1990', 260, 'Ямбург-Поволжье, 683,6 км, Камера приема'),
                                                                                                                                                                                                                                                                                                                                                            (561, 'Ямбург-Поволжье', 'Линейный', 'Свечной', 683.6, '683-9.3', 'Минхиммаш', '1990', NULL, 150, 565, NULL, '411', 'КЦ', 'Шаровой', 75, 'Подземное', '1990', 261, 'Ямбург-Поволжье, 683,6 км, Камера приема'),
                                                                                                                                                                                                                                                                                                                                                            (562, 'Ямбург-Поволжье', 'Линейный', 'Свечной', 683.6, '683-9.3', 'АЗТПА', '1990', NULL, 50, 566, NULL, '412', 'КЦ', 'Шаровой', 75, 'Подземное', '1990', 262, 'Ямбург-Поволжье, 683,6 км, Камера приема'),
                                                                                                                                                                                                                                                                                                                                                            (563, 'Ямбург-Поволжье', 'Линейный', 'Свечной', 683.6, '683-9.3', 'АЗТПА', '1990', NULL, 50, 567, NULL, '409', 'КЦ', 'Шаровой', 75, 'Подземное', '1990', 263, 'Ямбург-Поволжье, 683,6 км, Камера приема'),
                                                                                                                                                                                                                                                                                                                                                            (564, 'Ямбург-Поволжье', 'Линейный', 'Свечной', 683.6, '683-9.3', 'АЗТПА', '1990', NULL, 50, 568, NULL, '411', 'КЦ', 'Шаровой', 75, 'Подземное', '1990', 264, 'Ямбург-Поволжье, 683,6 км, Камера приема'),
                                                                                                                                                                                                                                                                                                                                                            (565, 'Ямбург-Поволжье', 'Линейный', 'Свечной', 683.6, '683-9.3', 'АЗТПА', '1990', NULL, 50, 569, NULL, '412', 'КЦ', 'Шаровой', 75, 'Подземное', '1990', 265, 'Ямбург-Поволжье, 683,6 км, Камера приема'),
                                                                                                                                                                                                                                                                                                                                                            (566, 'Ямбург-Поволжье', 'Линейный', 'Свечной', 683.6, '683-9.3', 'Минхиммаш', '1990', NULL, 150, 570, NULL, '409', 'КЦ', 'Шаровой', 75, 'Подземное', '1990', 266, 'Ямбург-Поволжье, 683,6 км, Камера приема'),
                                                                                                                                                                                                                                                                                                                                                            (567, 'Ямбург-Поволжье', 'Линейный', 'Свечной', 683.6, '683-9.3', 'АЗТПА', '1990', NULL, 50, 571, NULL, '411', 'КЦ', 'Шаровой', 75, 'Подземное', '1990', 267, 'Ямбург-Поволжье, 683,6 км, Камера приема'),
                                                                                                                                                                                                                                                                                                                                                            (568, 'Ямбург-Тула 1', 'Линейный', 'Обводной', 690.7, '690-7.1', 'Грове', '1988', NULL, 300, 572, NULL, '412', 'КЦ', 'Шаровой', 75, 'Подземное', '1988', 268, 'Ямбург-Тула 1, 690,7 км, Камера запуска'),
                                                                                                                                                                                                                                                                                                                                                            (569, 'Ямбург-Тула 1', 'Линейный', 'Обводной', 690.7, '690-7.2', 'АЗТПА', '1988', NULL, 500, 573, NULL, '409', 'КЦ', 'Шаровой', 75, 'Подземное', '1988', 269, 'Ямбург-Тула 1, 690,7 км, Камера запуска'),
                                                                                                                                                                                                                                                                                                                                                            (570, 'Ямбург-Тула 1', 'Линейный', 'Обводной', 690.7, '690-7.4', 'АЗТПА', '1988', NULL, 500, 574, NULL, '411', 'КЦ', 'Шаровой', 75, 'Подземное', '1988', 270, 'Ямбург-Тула 1, 690,7 км, Камера запуска'),
                                                                                                                                                                                                                                                                                                                                                            (571, 'Ямбург-Тула 1', 'Линейный', 'отсечной', 690.7, '690-7.5', 'Кобе Стил', '1988', NULL, 1400, 575, NULL, '412', 'КЦ', 'Шаровой', 75, 'Подземное', '1988', 271, 'Ямбург-Тула 1, 690,7 км, Камера запуска'),
                                                                                                                                                                                                                                                                                                                                                            (572, 'Ямбург-Тула 1', 'Линейный', 'Свечной', 690.7, '690-7.3', 'Грове', '1988', NULL, 50, 576, NULL, '409', 'КЦ', 'Шаровой', 75, 'Подземное', '1988', 272, 'Ямбург-Тула 1, 690,7 км, Камера запуска'),
                                                                                                                                                                                                                                                                                                                                                            (573, 'Ямбург-Тула 1', 'Линейный', 'Свечной', 690.7, '690-7.3', 'Грове', '1988', NULL, 50, 577, NULL, '411', 'КЦ', 'Шаровой', 75, 'Подземное', '1988', 273, 'Ямбург-Тула 1, 690,7 км, Камера запуска'),
                                                                                                                                                                                                                                                                                                                                                            (574, 'Ямбург-Тула 1', 'Линейный', 'Свечной', 690.7, '690-7.3', 'Грове', '1988', NULL, 50, 578, NULL, '412', 'КЦ', 'Шаровой', 75, 'Подземное', '1988', 274, 'Ямбург-Тула 1, 690,7 км, Камера запуска'),
                                                                                                                                                                                                                                                                                                                                                            (575, 'Ямбург-Тула 1', 'Линейный', 'Свечной', 690.7, '690-7.3', 'Грове', '1988', NULL, 50, 579, NULL, '409', 'КЦ', 'Шаровой', 75, 'Подземное', '1988', 275, 'Ямбург-Тула 1, 690,7 км, Камера запуска'),
                                                                                                                                                                                                                                                                                                                                                            (576, 'Ямбург-Тула 1', 'Линейный', 'Свечной', 690.7, '690-7.3', 'Грове', '1988', NULL, 50, 580, NULL, '411', 'КЦ', 'Шаровой', 75, 'Подземное', '1988', 276, 'Ямбург-Тула 1, 690,7 км, Камера запуска'),
                                                                                                                                                                                                                                                                                                                                                            (577, 'Ямбург-Тула 1', 'Линейный', 'Свечной', 690.7, '690-7.3', 'Грове', '1988', NULL, 50, 581, NULL, '412', 'КЦ', 'Шаровой', 75, 'Подземное', '1988', 277, 'Ямбург-Тула 1, 690,7 км, Камера запуска'),
                                                                                                                                                                                                                                                                                                                                                            (578, 'Ямбург-Тула 1', 'Линейный', 'Свечной', 690.7, '690-7.3', 'Грове', '1988', NULL, 50, 582, NULL, '409', 'КЦ', 'Шаровой', 75, 'Подземное', '1988', 278, 'Ямбург-Тула 1, 690,7 км, Камера запуска'),
                                                                                                                                                                                                                                                                                                                                                            (579, 'Ямбург-Тула 1', 'Линейный', 'Свечной', 690.7, '690-7.3', 'Грове', '1988', NULL, 50, 583, NULL, '411', 'КЦ', 'Шаровой', 75, 'Подземное', '1988', 279, 'Ямбург-Тула 1, 690,7 км, Камера запуска'),
                                                                                                                                                                                                                                                                                                                                                            (580, 'Ямбург-Тула 1', 'Линейный', 'Свечной', 690.7, '690-7.3', 'Грове', '1988', NULL, 50, 584, NULL, '412', 'КЦ', 'Шаровой', 75, 'Подземное', '1988', 280, 'Ямбург-Тула 1, 690,7 км, Камера запуска'),
                                                                                                                                                                                                                                                                                                                                                            (581, 'Ямбург-Тула 1', 'Линейный', 'Свечной', 690.7, '690-7.3', 'Грове', '1988', NULL, 50, 585, NULL, '409', 'КЦ', 'Шаровой', 75, 'Подземное', '1988', 281, 'Ямбург-Тула 1, 690,7 км, Камера запуска'),
                                                                                                                                                                                                                                                                                                                                                            (582, 'Ямбург-Тула 1', 'Линейный', 'Свечной', 690.7, '690-7.3', 'Грове', '1988', NULL, 50, 586, NULL, '411', 'КЦ', 'Шаровой', 75, 'Подземное', '1988', 282, 'Ямбург-Тула 1, 690,7 км, Камера запуска'),
                                                                                                                                                                                                                                                                                                                                                            (583, 'Ямбург-Тула 1', 'Линейный', 'Свечной', 690.7, '690-7.3', 'Грове', '1988', NULL, 50, 587, NULL, '412', 'КЦ', 'Шаровой', 75, 'Подземное', '1988', 283, 'Ямбург-Тула 1, 690,7 км, Камера запуска'),
                                                                                                                                                                                                                                                                                                                                                            (584, 'Ямбург-Тула 1', 'Линейный', 'Свечной', 690.7, '690-7.3', 'Грове', '1988', NULL, 50, 588, NULL, '409', 'КЦ', 'Шаровой', 75, 'Подземное', '1988', 284, 'Ямбург-Тула 1, 690,7 км, Камера запуска'),
                                                                                                                                                                                                                                                                                                                                                            (585, 'Ямбург-Тула 1', 'Линейный', 'Свечной', 690.7, '690-7.3', 'Грове', '1988', NULL, 50, 589, NULL, '411', 'КЦ', 'Шаровой', 75, 'Подземное', '1988', 285, 'Ямбург-Тула 1, 690,7 км, Камера запуска'),
                                                                                                                                                                                                                                                                                                                                                            (586, 'Ямбург-Тула 1', 'Линейный', 'Обводной', 690.7, '690-7.6', 'АЗТПА', '1988', NULL, 500, 590, NULL, '412', 'КЦ', 'Шаровой', 75, 'Подземное', '1988', 286, 'Ямбург-Тула 1, 690,7 км, Камера приема');

--
-- Триггеры `fittings`
--
DELIMITER $$
CREATE TRIGGER `after_insert_main_n` BEFORE INSERT ON `fittings` FOR EACH ROW BEGIN
    INSERT INTO malfunctions () VALUES ();

    SET @new_id_malfunction = LAST_INSERT_ID();

    SET NEW.id_malfunction = @new_id_malfunction;
END
    $$
DELIMITER ;

-- --------------------------------------------------------

--
-- Структура таблицы `highways`
--

CREATE TABLE `highways` (
                            `id` int NOT NULL,
                            `name` varchar(127) CHARACTER SET utf8mb4 COLLATE utf8mb4_general_ci NOT NULL,
                            `lpumg` varchar(63) CHARACTER SET utf8mb4 COLLATE utf8mb4_general_ci NOT NULL
) ENGINE=InnoDB DEFAULT CHARSET=utf8mb4 COLLATE=utf8mb4_general_ci;

--
-- Дамп данных таблицы `highways`
--

INSERT INTO `highways` (`id`, `name`, `lpumg`) VALUES
                                                   (49, 'Уренгой-Ужгород', 'Верхнеказымское'),
                                                   (50, 'Уренгой-Центр 1', 'Верхнеказымское'),
                                                   (61, 'Уренгой-Центр 2', 'Верхнеказымское'),
                                                   (73, 'Ямбург-Елец 1', 'Верхнеказымское'),
                                                   (74, 'Ямбург-Елец 2', 'Верхнеказымское'),
                                                   (75, 'Ямбург-Зап.граница', 'Верхнеказымское'),
                                                   (76, 'Ямбург-Тула 1', 'Верхнеказымское'),
                                                   (77, 'Ямбург-Тула 2', 'Верхнеказымское'),
                                                   (79, 'Ямбург-Поволжье', 'Верхнеказымское'),
                                                   (80, 'СРТО-Урал', 'Верхнеказымское'),
                                                   (91, 'между Уренгой-Ужгород и Уренгой-Центр 1', 'Верхнеказымское'),
                                                   (92, 'между Уренгой-Центр 1 и Уренгой-Центр 2', 'Верхнеказымское'),
                                                   (93, 'между Уренгой-Центр 2 и Ямбург-Елец 1', 'Верхнеказымское'),
                                                   (94, 'между Ямбург-Елец 1 и Ямбург-Елец 2', 'Верхнеказымское'),
                                                   (95, 'между Ямбург-Елец 2 и Ямбург-Зап.граница', 'Верхнеказымское'),
                                                   (96, 'между Ямбург-Зап.граница и Ямбург-Тула 1', 'Верхнеказымское'),
                                                   (97, 'между Ямбург-Тула 1 и Ямбург-Тула 2', 'Верхнеказымское'),
                                                   (98, 'между Ямбург-Тула 2 и Ямбург-Поволжье', 'Верхнеказымское'),
                                                   (99, 'между Ямбург-Поволжье и СРТО-Урал', 'Верхнеказымское');

-- --------------------------------------------------------

--
-- Структура таблицы `identified_faults`
--

CREATE TABLE `identified_faults` (
                                     `id` int NOT NULL,
                                     `id_fitting` int NOT NULL,
                                     `possible_cause` varchar(511) CHARACTER SET utf8mb4 COLLATE utf8mb4_general_ci NOT NULL,
                                     `id_user_detection` int NOT NULL,
                                     `id_user_troubleshooting` int DEFAULT NULL,
                                     `complete_activities` varchar(511) CHARACTER SET utf8mb4 COLLATE utf8mb4_general_ci DEFAULT NULL,
                                     `note` varchar(511) CHARACTER SET utf8mb4 COLLATE utf8mb4_general_ci DEFAULT NULL,
                                     `date_detection` date NOT NULL,
                                     `date_troubleshooting` date DEFAULT NULL,
                                     `status` int NOT NULL DEFAULT '0'
) ENGINE=InnoDB DEFAULT CHARSET=utf8mb4 COLLATE=utf8mb4_general_ci;

--
-- Дамп данных таблицы `identified_faults`
--

INSERT INTO `identified_faults` (`id`, `id_fitting`, `possible_cause`, `id_user_detection`, `id_user_troubleshooting`, `complete_activities`, `note`, `date_detection`, `date_troubleshooting`, `status`) VALUES
                                                                                                                                                                                                              (1, 6, 'ТЕТЕ', 29, NULL, NULL, NULL, '2024-08-13', NULL, 0),
                                                                                                                                                                                                              (2, 6, 'ТЕТЕ', 29, 29, 'СМСМСМСМ', NULL, '2024-08-13', '2024-08-07', 0),
                                                                                                                                                                                                              (3, 6, 'ТЕТЕ', 29, 29, 'СМСМСМСМ', 'аааааа', '2024-08-13', '2024-08-07', 0),
                                                                                                                                                                                                              (4, 6, 'ТЕТЕ', 29, 29, 'СМСМСМСМ', 'аааааа', '2024-08-13', '2024-08-07', 0),
                                                                                                                                                                                                              (5, 6, 'sdf', 29, 24, '5858', '999+', '2024-08-21', '2024-08-16', 1),
                                                                                                                                                                                                              (6, 6, 'ММММВМ', 29, NULL, NULL, NULL, '2024-08-13', NULL, 0),
                                                                                                                                                                                                              (7, 6, 'df', 29, 29, 'vv', 'vvvvv', '2024-08-14', '2024-08-07', 0),
                                                                                                                                                                                                              (8, 6, 'bbbbbbbbbb', 29, NULL, NULL, NULL, '2024-07-30', NULL, 0),
                                                                                                                                                                                                              (9, 7, 'утечка', 29, NULL, NULL, NULL, '2024-08-12', NULL, 0),
                                                                                                                                                                                                              (10, 7, '222', 29, NULL, NULL, NULL, '2024-08-05', NULL, 0),
                                                                                                                                                                                                              (11, 6, 'dfg', 29, NULL, NULL, NULL, '2024-08-14', NULL, 0),
                                                                                                                                                                                                              (12, 6, 'fgdfgdgf', 29, NULL, NULL, NULL, '2024-08-21', NULL, 0),
                                                                                                                                                                                                              (13, 311, 'Сломан!!!', 29, NULL, NULL, NULL, '2024-08-13', NULL, 0),
                                                                                                                                                                                                              (14, 313, 'Протечка', 29, NULL, NULL, NULL, '2024-08-13', NULL, 0),
                                                                                                                                                                                                              (15, 579, 'вап', 29, 29, 'ваааа', 'мммммм', '2024-08-13', '2024-08-14', 0),
                                                                                                                                                                                                              (16, 579, 'арьа', 29, NULL, NULL, NULL, '2024-08-14', NULL, 0),
                                                                                                                                                                                                              (17, 6, 'hh', 29, NULL, NULL, NULL, '2024-08-07', NULL, 0),
                                                                                                                                                                                                              (18, 6, 'Тестстст', 29, 29, 'ТТТЕТЕТсстт', 'ТУттест', '2024-08-15', '2024-08-16', 1),
                                                                                                                                                                                                              (19, 6, 'sf', 29, 29, 'fghf', NULL, '2024-08-13', '2024-08-08', 1),
                                                                                                                                                                                                              (20, 6, '123', 29, 29, '5555', NULL, '2024-08-15', '2024-08-16', 1),
                                                                                                                                                                                                              (21, 6, 'Lorem exercitationem expeentore molestias quo reiciendis ut vero. Amet iste praesentium veritatis voluptatem! Lorem exercitationem expeentore molestias quo reiciendis ut vero. Amet iste praesentium veritatis voluptatem!', 29, 1, 'Loptigendi exвiente sint soluta suscipit tempora veritatis, voluptatum? Animi dignissimos error fuga minus non, rerum sint ut. Culpa error excepturi harum, maxime minus necessitatibus voluptatem! lpa error excepturi harum, maxime minus necessitatibus voluptatem!', 'maxime minus necessitatibus provident! Amet placeat, rem! Cumque earum fugit, harum illum inventore molestias quo reiciendis ut vero. Amet iste praesentium veritatis voluptatem t iste praesentium veritatis voluptatem t iste praesentium veritatis voluptatem', '2024-08-13', '2024-08-14', 1),
                                                                                                                                                                                                              (22, 6, 'sd', 31, NULL, NULL, NULL, '2024-08-09', NULL, 0),
                                                                                                                                                                                                              (23, 6, 'fb', 31, NULL, NULL, NULL, '2024-08-08', NULL, 0),
                                                                                                                                                                                                              (24, 6, 'sdfvvvv', 31, NULL, NULL, NULL, '2024-08-15', NULL, 0),
                                                                                                                                                                                                              (25, 6, 'sdf', 31, NULL, NULL, NULL, '2024-08-16', NULL, 1),
                                                                                                                                                                                                              (26, 6, '------', 31, 13, '9090--', '\\]', '2024-08-22', '2024-08-29', 1),
                                                                                                                                                                                                              (27, 6, '0p0p0p0p0p', 31, 15, 'fff', NULL, '2024-08-22', '2024-08-10', 0),
                                                                                                                                                                                                              (28, 6, 'вам', 31, NULL, NULL, NULL, '2024-08-15', NULL, 0),
                                                                                                                                                                                                              (29, 311, '***', 31, NULL, NULL, NULL, '2024-08-17', NULL, 1),
                                                                                                                                                                                                              (30, 6, 'ыва', 31, 31, 'ммммм', 'м', '2024-08-13', '2024-08-06', 1),
                                                                                                                                                                                                              (31, 6, 'dvd', 31, 31, '*99*9*999*', 'vvvvvv', '2024-08-21', '2024-08-24', 31),
                                                                                                                                                                                                              (32, 6, '***', 31, 7, 'drgdb', NULL, '2024-08-23', '2024-08-06', 1);

-- --------------------------------------------------------

--
-- Структура таблицы `ius`
--

CREATE TABLE `ius` (
                       `id` int NOT NULL,
                       `name` varchar(63) CHARACTER SET utf8mb4 COLLATE utf8mb4_general_ci NOT NULL
) ENGINE=InnoDB DEFAULT CHARSET=utf8mb4 COLLATE=utf8mb4_general_ci;

--
-- Дамп данных таблицы `ius`
--

INSERT INTO `ius` (`id`, `name`) VALUES
                                     (2, '409'),
                                     (3, '411'),
                                     (1, '412');

-- --------------------------------------------------------

--
-- Структура таблицы `links`
--

CREATE TABLE `links` (
                         `id` int NOT NULL,
                         `link` varchar(255) CHARACTER SET utf8mb4 COLLATE utf8mb4_unicode_ci NOT NULL DEFAULT '#',
                         `description` text CHARACTER SET utf8mb4 COLLATE utf8mb4_unicode_ci NOT NULL,
                         `color` varchar(255) COLLATE utf8mb4_unicode_ci NOT NULL DEFAULT 'link'
) ENGINE=InnoDB DEFAULT CHARSET=utf8mb4 COLLATE=utf8mb4_unicode_ci;

--
-- Дамп данных таблицы `links`
--

INSERT INTO `links` (`id`, `link`, `description`, `color`) VALUES
                                                               (3, '#', 'Redmine', 'link'),
                                                               (4, '#', 'Portal portal.ttg.gazprom.ru', 'link'),
                                                               (8, 'http://localhost/aimo%201.2.6/project', 'Портал отказов', 'link'),
                                                               (9, '#', 'Ссылка 4', 'link'),
                                                               (10, '#', 'Ссылка 5', 'link'),
                                                               (11, '#', 'Ссылка 6', 'link'),
                                                               (12, '#', 'Ссылка 7', 'link');

-- --------------------------------------------------------

--
-- Структура таблицы `liquids`
--

CREATE TABLE `liquids` (
                           `id` int NOT NULL,
                           `name` varchar(63) CHARACTER SET utf8mb4 COLLATE utf8mb4_general_ci NOT NULL
) ENGINE=InnoDB DEFAULT CHARSET=utf8mb4 COLLATE=utf8mb4_general_ci;

--
-- Дамп данных таблицы `liquids`
--

INSERT INTO `liquids` (`id`, `name`) VALUES
    (1, 'ПМС-20 Югра');

-- --------------------------------------------------------

--
-- Структура таблицы `list_act_leakages`
--

CREATE TABLE `list_act_leakages` (
                                     `id` int NOT NULL,
                                     `name` varchar(255) CHARACTER SET utf8mb4 COLLATE utf8mb4_general_ci NOT NULL
) ENGINE=InnoDB DEFAULT CHARSET=utf8mb4 COLLATE=utf8mb4_general_ci;

--
-- Дамп данных таблицы `list_act_leakages`
--

INSERT INTO `list_act_leakages` (`id`, `name`) VALUES
                                                   (1, 'нет'),
                                                   (2, 'есть'),
                                                   (3, 'Ввести свое значение');

-- --------------------------------------------------------

--
-- Структура таблицы `list_classification_installations`
--

CREATE TABLE `list_classification_installations` (
                                                     `id` int NOT NULL,
                                                     `name` varchar(255) COLLATE utf8mb4_general_ci NOT NULL
) ENGINE=InnoDB DEFAULT CHARSET=utf8mb4 COLLATE=utf8mb4_general_ci;

--
-- Дамп данных таблицы `list_classification_installations`
--

INSERT INTO `list_classification_installations` (`id`, `name`) VALUES
                                                                   (1, 'Камера запуска'),
                                                                   (2, 'Камера приема');

-- --------------------------------------------------------

--
-- Структура таблицы `list_general_descriptions`
--

CREATE TABLE `list_general_descriptions` (
                                             `id` int NOT NULL,
                                             `name` varchar(255) CHARACTER SET utf8mb4 COLLATE utf8mb4_general_ci NOT NULL
) ENGINE=InnoDB DEFAULT CHARSET=utf8mb4 COLLATE=utf8mb4_general_ci;

--
-- Дамп данных таблицы `list_general_descriptions`
--

INSERT INTO `list_general_descriptions` (`id`, `name`) VALUES
                                                           (2, 'Ввести свое значение'),
                                                           (3, 'Неполадок не обнаружено '),
                                                           (1, 'Требует замену');

-- --------------------------------------------------------

--
-- Структура таблицы `list_leakages`
--

CREATE TABLE `list_leakages` (
                                 `id` int NOT NULL,
                                 `name` int NOT NULL
) ENGINE=InnoDB DEFAULT CHARSET=utf8mb4 COLLATE=utf8mb4_general_ci;

--
-- Дамп данных таблицы `list_leakages`
--

INSERT INTO `list_leakages` (`id`, `name`) VALUES
                                               (1, 0),
                                               (2, 1),
                                               (3, 2),
                                               (4, 3),
                                               (5, 4),
                                               (6, 5);

-- --------------------------------------------------------

--
-- Структура таблицы `list_results`
--

CREATE TABLE `list_results` (
                                `id` int NOT NULL,
                                `name` varchar(255) CHARACTER SET utf8mb4 COLLATE utf8mb4_general_ci NOT NULL,
                                `description` varchar(127) CHARACTER SET utf8mb4 COLLATE utf8mb4_general_ci DEFAULT NULL
) ENGINE=InnoDB DEFAULT CHARSET=utf8mb4 COLLATE=utf8mb4_general_ci;

--
-- Дамп данных таблицы `list_results`
--

INSERT INTO `list_results` (`id`, `name`, `description`) VALUES
                                                             (1, '0', 'Неработающие краны'),
                                                             (2, '1', 'Работающие краны'),
                                                             (3, '2', 'Дефективные краны');

-- --------------------------------------------------------

--
-- Структура таблицы `list_strapping`
--

CREATE TABLE `list_strapping` (
                                  `id` int NOT NULL,
                                  `name` varchar(255) CHARACTER SET utf8mb4 COLLATE utf8mb4_general_ci NOT NULL
) ENGINE=InnoDB DEFAULT CHARSET=utf8mb4 COLLATE=utf8mb4_general_ci;

--
-- Дамп данных таблицы `list_strapping`
--

INSERT INTO `list_strapping` (`id`, `name`) VALUES
                                                (1, 'В наличии'),
                                                (2, 'Нет в наличии');

-- --------------------------------------------------------

--
-- Структура таблицы `list_tightness`
--

CREATE TABLE `list_tightness` (
                                  `id` int NOT NULL,
                                  `name` varchar(255) CHARACTER SET utf8mb4 COLLATE utf8mb4_general_ci NOT NULL
) ENGINE=InnoDB DEFAULT CHARSET=utf8mb4 COLLATE=utf8mb4_general_ci;

--
-- Дамп данных таблицы `list_tightness`
--

INSERT INTO `list_tightness` (`id`, `name`) VALUES
                                                (1, 'Герметичен'),
                                                (2, 'Негерметичен');

-- --------------------------------------------------------

--
-- Структура таблицы `location`
--

CREATE TABLE `location` (
                            `id` int NOT NULL,
                            `name` varchar(255) CHARACTER SET utf8mb4 COLLATE utf8mb4_general_ci NOT NULL
) ENGINE=InnoDB DEFAULT CHARSET=utf8mb4 COLLATE=utf8mb4_general_ci;

--
-- Дамп данных таблицы `location`
--

INSERT INTO `location` (`id`, `name`) VALUES
                                          (4, 'Германия'),
                                          (3, 'Италия'),
                                          (6, 'Казахстан'),
                                          (1, 'Россия'),
                                          (7, 'Украина'),
                                          (5, 'Чехия'),
                                          (2, 'Япония');

-- --------------------------------------------------------

--
-- Структура таблицы `lpumgs`
--

CREATE TABLE `lpumgs` (
                          `id` int NOT NULL,
                          `name` varchar(63) CHARACTER SET utf8mb4 COLLATE utf8mb4_general_ci NOT NULL
) ENGINE=InnoDB DEFAULT CHARSET=utf8mb4 COLLATE=utf8mb4_general_ci;

--
-- Дамп данных таблицы `lpumgs`
--

INSERT INTO `lpumgs` (`id`, `name`) VALUES
                                        (2, 'temp'),
                                        (1, 'Верхнеказымское');

-- --------------------------------------------------------

--
-- Структура таблицы `maintenance`
--

CREATE TABLE `maintenance` (
                               `id` int NOT NULL,
                               `id_fitting` int NOT NULL,
                               `type_maintenance` varchar(255) COLLATE utf8mb4_general_ci NOT NULL,
                               `content_work` varchar(255) COLLATE utf8mb4_general_ci NOT NULL,
                               `result` varchar(511) COLLATE utf8mb4_general_ci NOT NULL,
                               `id_user` int NOT NULL,
                               `date` datetime NOT NULL DEFAULT CURRENT_TIMESTAMP
) ENGINE=InnoDB DEFAULT CHARSET=utf8mb4 COLLATE=utf8mb4_general_ci;

--
-- Дамп данных таблицы `maintenance`
--

INSERT INTO `maintenance` (`id`, `id_fitting`, `type_maintenance`, `content_work`, `result`, `id_user`, `date`) VALUES
                                                                                                                    (12, 6, 'Вывод ЗРА в ремонт', 'sdf', 'ffff', 29, '2024-08-12 15:47:50'),
                                                                                                                    (13, 6, 'Вывод ЗРА в ремонт', 'ddddddddddddd', 'dvvvvvvvvvvvvv', 29, '2024-08-12 16:13:55'),
                                                                                                                    (14, 6, 'Вывод ЗРА в ремонт', '555', '11111', 29, '2024-08-12 16:20:29'),
                                                                                                                    (15, 6, 'Вывод ЗРА в ремонт', 'sssss', 'cccccccccccccccccccc', 29, '2024-08-12 16:21:06'),
                                                                                                                    (16, 6, 'Вывод ЗРА в ремонт', 'dsfsfdf', 'scccccccccccxxx', 29, '2024-08-12 16:22:26'),
                                                                                                                    (17, 7, 'Вывод ЗРА в ремонт', 'Нейтрализовал утечку', 'Утечка устранена', 29, '2024-08-12 17:23:43'),
                                                                                                                    (18, 6, 'Вывод ЗРА в ремонт', 'ыва', 'аваа', 29, '2024-08-13 08:04:15'),
                                                                                                                    (19, 6, 'Вывод ЗРА в ремонт', 'sdfdvv', 'vvbgbg', 29, '2024-08-13 08:13:11'),
                                                                                                                    (20, 6, 'Вывод ЗРА в ремонт', 'sdf', 'ccccccccccccc', 29, '2024-08-13 08:14:12'),
                                                                                                                    (21, 6, 'Вывод ЗРА в ремонт', 'sdf', 'vvvvvvvvvvvvvvccc', 29, '2024-08-13 10:02:37'),
                                                                                                                    (22, 6, 'Вывод ЗРА в ремонт', 'sdf', 'vvvvvvvvvvvvvvccc', 29, '2024-08-13 10:02:38'),
                                                                                                                    (23, 6, 'Вывод ЗРА в ремонт', 'sfsfsf', 'vvvvvbbbbbgggg', 29, '2024-08-13 10:08:16'),
                                                                                                                    (24, 6, 'Вывод ЗРА в ремонт', 'sfsfsf', 'vvvvvbbbbbgggg', 29, '2024-08-13 10:08:16'),
                                                                                                                    (25, 6, 'Вывод ЗРА в ремонт', 'sfsf', 'sfvvvvbrrr', 29, '2024-08-13 10:08:48'),
                                                                                                                    (26, 311, 'Вывод ЗРА в ремонт', 'Устранение протечки', 'Протечка устранена', 29, '2024-08-13 13:54:45'),
                                                                                                                    (27, 313, 'Вывод ЗРА в ремонт', 'произведена работа', 'Протечка устранена', 29, '2024-08-13 15:58:50'),
                                                                                                                    (28, 579, 'Вывод ЗРА в ремонт', 'работа', 'работа', 29, '2024-08-13 16:03:39'),
                                                                                                                    (29, 6, 'Вывод ЗРА в ремонт', '999999999', '999999999', 31, '2024-08-15 13:44:25'),
                                                                                                                    (30, 6, 'Вывод ЗРА в ремонт', 'gnbbbbbb', 'bbbbbbbbbbbbbbbbbbbbbbb b b  bbbbbb bbb', 31, '2024-08-15 13:46:23'),
                                                                                                                    (31, 6, 'Вывод ЗРА в ремонт', '----', '----', 31, '2024-08-15 13:54:59'),
                                                                                                                    (32, 6, 'Вывод ЗРА в ремонт', '--;p;;;', ';;;;', 31, '2024-08-15 13:55:22'),
                                                                                                                    (33, 311, 'Вывод ЗРА в ремонт', '959', '00+', 31, '2024-08-16 14:21:57'),
                                                                                                                    (34, 6, 'Вывод ЗРА в ремонт', '45646', '--', 31, '2024-08-16 16:13:45'),
                                                                                                                    (35, 6, 'Вывод ЗРА в ремонт', 'klkl', 'kl', 31, '2024-08-19 08:00:56');

-- --------------------------------------------------------

--
-- Структура таблицы `malfunctions`
--

CREATE TABLE `malfunctions` (
                                `id` int NOT NULL,
                                `general_description` varchar(255) CHARACTER SET utf8mb4 COLLATE utf8mb4_general_ci DEFAULT NULL,
                                `tightness` varchar(255) CHARACTER SET utf8mb4 COLLATE utf8mb4_general_ci DEFAULT NULL,
                                `leakage` int DEFAULT NULL,
                                `act_leakage` varchar(63) CHARACTER SET utf8mb4 COLLATE utf8mb4_general_ci DEFAULT NULL,
                                `drainage` varchar(127) CHARACTER SET utf8mb4 COLLATE utf8mb4_general_ci DEFAULT NULL,
                                `packing_pipelines` varchar(127) CHARACTER SET utf8mb4 COLLATE utf8mb4_general_ci DEFAULT NULL,
                                `result` tinyint NOT NULL DEFAULT '1'
) ENGINE=InnoDB DEFAULT CHARSET=utf8mb4 COLLATE=utf8mb4_general_ci;

--
-- Дамп данных таблицы `malfunctions`
--

INSERT INTO `malfunctions` (`id`, `general_description`, `tightness`, `leakage`, `act_leakage`, `drainage`, `packing_pipelines`, `result`) VALUES
                                                                                                                                               (6, 'Требует замену', 'Негерметичен', 4, 'нет', 'В наличии', 'В наличии', 2),
                                                                                                                                               (7, 'Слома, сломан, сломан', 'Негерметичен', 3, 'нет', 'В наличии', 'В наличии', 0),
                                                                                                                                               (8, NULL, NULL, NULL, NULL, NULL, NULL, 0),
                                                                                                                                               (9, 'Требует замену', 'Негерметичен', 5, 'нет', 'Нет в наличии', 'Нет в наличии', 0),
                                                                                                                                               (315, NULL, 'Негерметичен', 3, 'есть', NULL, NULL, 2),
                                                                                                                                               (316, NULL, NULL, NULL, NULL, NULL, NULL, 1),
                                                                                                                                               (317, 'Неполадок не обнаружено ', 'Герметичен', 0, 'нет', NULL, NULL, 1),
                                                                                                                                               (318, NULL, NULL, NULL, NULL, NULL, NULL, 1),
                                                                                                                                               (319, NULL, NULL, NULL, NULL, NULL, NULL, 1),
                                                                                                                                               (320, NULL, NULL, NULL, NULL, NULL, NULL, 1),
                                                                                                                                               (321, NULL, NULL, NULL, NULL, NULL, NULL, 1),
                                                                                                                                               (322, NULL, NULL, NULL, NULL, NULL, NULL, 1),
                                                                                                                                               (323, NULL, NULL, NULL, NULL, NULL, NULL, 1),
                                                                                                                                               (324, NULL, NULL, NULL, NULL, NULL, NULL, 1),
                                                                                                                                               (325, NULL, NULL, NULL, NULL, NULL, NULL, 1),
                                                                                                                                               (326, NULL, NULL, NULL, NULL, NULL, NULL, 1),
                                                                                                                                               (327, NULL, NULL, NULL, NULL, NULL, NULL, 1),
                                                                                                                                               (328, NULL, NULL, NULL, NULL, NULL, NULL, 1),
                                                                                                                                               (329, NULL, NULL, NULL, NULL, NULL, NULL, 1),
                                                                                                                                               (330, NULL, NULL, NULL, NULL, NULL, NULL, 1),
                                                                                                                                               (331, NULL, NULL, NULL, NULL, NULL, NULL, 1),
                                                                                                                                               (332, NULL, NULL, NULL, NULL, NULL, NULL, 1),
                                                                                                                                               (333, NULL, NULL, NULL, NULL, NULL, NULL, 1),
                                                                                                                                               (334, NULL, NULL, NULL, NULL, NULL, NULL, 1),
                                                                                                                                               (335, NULL, NULL, NULL, NULL, NULL, NULL, 1),
                                                                                                                                               (336, NULL, NULL, NULL, NULL, NULL, NULL, 1),
                                                                                                                                               (337, NULL, NULL, NULL, NULL, NULL, NULL, 1),
                                                                                                                                               (338, NULL, NULL, NULL, NULL, NULL, NULL, 1),
                                                                                                                                               (339, NULL, NULL, NULL, NULL, NULL, NULL, 1),
                                                                                                                                               (340, NULL, NULL, NULL, NULL, NULL, NULL, 1),
                                                                                                                                               (341, NULL, NULL, NULL, NULL, NULL, NULL, 1),
                                                                                                                                               (342, NULL, NULL, NULL, NULL, NULL, NULL, 1),
                                                                                                                                               (343, NULL, NULL, NULL, NULL, NULL, NULL, 1),
                                                                                                                                               (344, NULL, NULL, NULL, NULL, NULL, NULL, 1),
                                                                                                                                               (345, NULL, NULL, NULL, NULL, NULL, NULL, 1),
                                                                                                                                               (346, NULL, NULL, NULL, NULL, NULL, NULL, 1),
                                                                                                                                               (347, NULL, NULL, NULL, NULL, NULL, NULL, 1),
                                                                                                                                               (348, NULL, NULL, NULL, NULL, NULL, NULL, 1),
                                                                                                                                               (349, NULL, NULL, NULL, NULL, NULL, NULL, 1),
                                                                                                                                               (350, NULL, NULL, NULL, NULL, NULL, NULL, 1),
                                                                                                                                               (351, NULL, NULL, NULL, NULL, NULL, NULL, 1),
                                                                                                                                               (352, NULL, NULL, NULL, NULL, NULL, NULL, 1),
                                                                                                                                               (353, NULL, NULL, NULL, NULL, NULL, NULL, 1),
                                                                                                                                               (354, NULL, NULL, NULL, NULL, NULL, NULL, 1),
                                                                                                                                               (355, NULL, NULL, NULL, NULL, NULL, NULL, 1),
                                                                                                                                               (356, NULL, NULL, NULL, NULL, NULL, NULL, 1),
                                                                                                                                               (357, NULL, NULL, NULL, NULL, NULL, NULL, 1),
                                                                                                                                               (358, NULL, NULL, NULL, NULL, NULL, NULL, 1),
                                                                                                                                               (359, NULL, NULL, NULL, NULL, NULL, NULL, 1),
                                                                                                                                               (360, NULL, NULL, NULL, NULL, NULL, NULL, 1),
                                                                                                                                               (361, NULL, NULL, NULL, NULL, NULL, NULL, 1),
                                                                                                                                               (362, NULL, NULL, NULL, NULL, NULL, NULL, 1),
                                                                                                                                               (363, NULL, NULL, NULL, NULL, NULL, NULL, 1),
                                                                                                                                               (364, NULL, NULL, NULL, NULL, NULL, NULL, 1),
                                                                                                                                               (365, NULL, NULL, NULL, NULL, NULL, NULL, 1),
                                                                                                                                               (366, NULL, NULL, NULL, NULL, NULL, NULL, 1),
                                                                                                                                               (367, NULL, NULL, NULL, NULL, NULL, NULL, 1),
                                                                                                                                               (368, NULL, NULL, NULL, NULL, NULL, NULL, 1),
                                                                                                                                               (369, NULL, NULL, NULL, NULL, NULL, NULL, 1),
                                                                                                                                               (370, NULL, NULL, NULL, NULL, NULL, NULL, 1),
                                                                                                                                               (371, NULL, NULL, NULL, NULL, NULL, NULL, 1),
                                                                                                                                               (372, NULL, NULL, NULL, NULL, NULL, NULL, 1),
                                                                                                                                               (373, NULL, NULL, NULL, NULL, NULL, NULL, 1),
                                                                                                                                               (374, NULL, NULL, NULL, NULL, NULL, NULL, 1),
                                                                                                                                               (375, NULL, NULL, NULL, NULL, NULL, NULL, 1),
                                                                                                                                               (376, NULL, NULL, NULL, NULL, NULL, NULL, 1),
                                                                                                                                               (377, NULL, NULL, NULL, NULL, NULL, NULL, 1),
                                                                                                                                               (378, NULL, NULL, NULL, NULL, NULL, NULL, 1),
                                                                                                                                               (379, NULL, NULL, NULL, NULL, NULL, NULL, 1),
                                                                                                                                               (380, NULL, NULL, NULL, NULL, NULL, NULL, 1),
                                                                                                                                               (381, NULL, NULL, NULL, NULL, NULL, NULL, 1),
                                                                                                                                               (382, NULL, NULL, NULL, NULL, NULL, NULL, 1),
                                                                                                                                               (383, NULL, NULL, NULL, NULL, NULL, NULL, 1),
                                                                                                                                               (384, NULL, NULL, NULL, NULL, NULL, NULL, 1),
                                                                                                                                               (385, NULL, NULL, NULL, NULL, NULL, NULL, 1),
                                                                                                                                               (386, NULL, NULL, NULL, NULL, NULL, NULL, 1),
                                                                                                                                               (387, NULL, NULL, NULL, NULL, NULL, NULL, 1),
                                                                                                                                               (388, NULL, NULL, NULL, NULL, NULL, NULL, 1),
                                                                                                                                               (389, NULL, NULL, NULL, NULL, NULL, NULL, 1),
                                                                                                                                               (390, NULL, NULL, NULL, NULL, NULL, NULL, 1),
                                                                                                                                               (391, NULL, NULL, NULL, NULL, NULL, NULL, 1),
                                                                                                                                               (392, NULL, NULL, NULL, NULL, NULL, NULL, 1),
                                                                                                                                               (393, NULL, NULL, NULL, NULL, NULL, NULL, 1),
                                                                                                                                               (394, NULL, NULL, NULL, NULL, NULL, NULL, 1),
                                                                                                                                               (395, NULL, NULL, NULL, NULL, NULL, NULL, 1),
                                                                                                                                               (396, NULL, NULL, NULL, NULL, NULL, NULL, 1),
                                                                                                                                               (397, NULL, NULL, NULL, NULL, NULL, NULL, 1),
                                                                                                                                               (398, NULL, NULL, NULL, NULL, NULL, NULL, 1),
                                                                                                                                               (399, NULL, NULL, NULL, NULL, NULL, NULL, 1),
                                                                                                                                               (400, NULL, NULL, NULL, NULL, NULL, NULL, 1),
                                                                                                                                               (401, NULL, NULL, NULL, NULL, NULL, NULL, 1),
                                                                                                                                               (402, NULL, NULL, NULL, NULL, NULL, NULL, 1),
                                                                                                                                               (403, NULL, NULL, NULL, NULL, NULL, NULL, 1),
                                                                                                                                               (404, NULL, NULL, NULL, NULL, NULL, NULL, 1),
                                                                                                                                               (405, NULL, NULL, NULL, NULL, NULL, NULL, 1),
                                                                                                                                               (406, NULL, NULL, NULL, NULL, NULL, NULL, 1),
                                                                                                                                               (407, NULL, NULL, NULL, NULL, NULL, NULL, 1),
                                                                                                                                               (408, NULL, NULL, NULL, NULL, NULL, NULL, 1),
                                                                                                                                               (409, NULL, NULL, NULL, NULL, NULL, NULL, 1),
                                                                                                                                               (410, NULL, NULL, NULL, NULL, NULL, NULL, 1),
                                                                                                                                               (411, NULL, NULL, NULL, NULL, NULL, NULL, 1),
                                                                                                                                               (412, NULL, NULL, NULL, NULL, NULL, NULL, 1),
                                                                                                                                               (413, NULL, NULL, NULL, NULL, NULL, NULL, 1),
                                                                                                                                               (414, NULL, NULL, NULL, NULL, NULL, NULL, 1),
                                                                                                                                               (415, NULL, NULL, NULL, NULL, NULL, NULL, 1),
                                                                                                                                               (416, NULL, NULL, NULL, NULL, NULL, NULL, 1),
                                                                                                                                               (417, NULL, NULL, NULL, NULL, NULL, NULL, 1),
                                                                                                                                               (418, NULL, NULL, NULL, NULL, NULL, NULL, 1),
                                                                                                                                               (419, NULL, NULL, NULL, NULL, NULL, NULL, 1),
                                                                                                                                               (420, NULL, NULL, NULL, NULL, NULL, NULL, 1),
                                                                                                                                               (421, NULL, NULL, NULL, NULL, NULL, NULL, 1),
                                                                                                                                               (422, NULL, NULL, NULL, NULL, NULL, NULL, 1),
                                                                                                                                               (423, NULL, NULL, NULL, NULL, NULL, NULL, 1),
                                                                                                                                               (424, NULL, NULL, NULL, NULL, NULL, NULL, 1),
                                                                                                                                               (425, NULL, NULL, NULL, NULL, NULL, NULL, 1),
                                                                                                                                               (426, NULL, NULL, NULL, NULL, NULL, NULL, 1),
                                                                                                                                               (427, NULL, NULL, NULL, NULL, NULL, NULL, 1),
                                                                                                                                               (428, NULL, NULL, NULL, NULL, NULL, NULL, 1),
                                                                                                                                               (429, NULL, NULL, NULL, NULL, NULL, NULL, 1),
                                                                                                                                               (430, NULL, NULL, NULL, NULL, NULL, NULL, 1),
                                                                                                                                               (431, NULL, NULL, NULL, NULL, NULL, NULL, 1),
                                                                                                                                               (432, NULL, NULL, NULL, NULL, NULL, NULL, 1),
                                                                                                                                               (433, NULL, NULL, NULL, NULL, NULL, NULL, 1),
                                                                                                                                               (434, NULL, NULL, NULL, NULL, NULL, NULL, 1),
                                                                                                                                               (435, NULL, NULL, NULL, NULL, NULL, NULL, 1),
                                                                                                                                               (436, NULL, NULL, NULL, NULL, NULL, NULL, 1),
                                                                                                                                               (437, NULL, NULL, NULL, NULL, NULL, NULL, 1),
                                                                                                                                               (438, NULL, NULL, NULL, NULL, NULL, NULL, 1),
                                                                                                                                               (439, NULL, NULL, NULL, NULL, NULL, NULL, 1),
                                                                                                                                               (440, NULL, NULL, NULL, NULL, NULL, NULL, 1),
                                                                                                                                               (441, NULL, NULL, NULL, NULL, NULL, NULL, 1),
                                                                                                                                               (442, NULL, NULL, NULL, NULL, NULL, NULL, 1),
                                                                                                                                               (443, NULL, NULL, NULL, NULL, NULL, NULL, 1),
                                                                                                                                               (444, NULL, NULL, NULL, NULL, NULL, NULL, 1),
                                                                                                                                               (445, NULL, NULL, NULL, NULL, NULL, NULL, 1),
                                                                                                                                               (446, NULL, NULL, NULL, NULL, NULL, NULL, 1),
                                                                                                                                               (447, NULL, NULL, NULL, NULL, NULL, NULL, 1),
                                                                                                                                               (448, NULL, NULL, NULL, NULL, NULL, NULL, 1),
                                                                                                                                               (449, NULL, NULL, NULL, NULL, NULL, NULL, 1),
                                                                                                                                               (450, NULL, NULL, NULL, NULL, NULL, NULL, 1),
                                                                                                                                               (451, NULL, NULL, NULL, NULL, NULL, NULL, 1),
                                                                                                                                               (452, NULL, NULL, NULL, NULL, NULL, NULL, 1),
                                                                                                                                               (453, NULL, NULL, NULL, NULL, NULL, NULL, 1),
                                                                                                                                               (454, NULL, NULL, NULL, NULL, NULL, NULL, 1),
                                                                                                                                               (455, NULL, NULL, NULL, NULL, NULL, NULL, 1),
                                                                                                                                               (456, NULL, NULL, NULL, NULL, NULL, NULL, 1),
                                                                                                                                               (457, NULL, NULL, NULL, NULL, NULL, NULL, 1),
                                                                                                                                               (458, NULL, NULL, NULL, NULL, NULL, NULL, 1),
                                                                                                                                               (459, NULL, NULL, NULL, NULL, NULL, NULL, 1),
                                                                                                                                               (460, NULL, NULL, NULL, NULL, NULL, NULL, 1),
                                                                                                                                               (461, NULL, NULL, NULL, NULL, NULL, NULL, 1),
                                                                                                                                               (462, NULL, NULL, NULL, NULL, NULL, NULL, 1),
                                                                                                                                               (463, NULL, NULL, NULL, NULL, NULL, NULL, 1),
                                                                                                                                               (464, NULL, NULL, NULL, NULL, NULL, NULL, 1),
                                                                                                                                               (465, NULL, NULL, NULL, NULL, NULL, NULL, 1),
                                                                                                                                               (466, NULL, NULL, NULL, NULL, NULL, NULL, 1),
                                                                                                                                               (467, NULL, NULL, NULL, NULL, NULL, NULL, 1),
                                                                                                                                               (468, NULL, NULL, NULL, NULL, NULL, NULL, 1),
                                                                                                                                               (469, NULL, NULL, NULL, NULL, NULL, NULL, 1),
                                                                                                                                               (470, NULL, NULL, NULL, NULL, NULL, NULL, 1),
                                                                                                                                               (471, NULL, NULL, NULL, NULL, NULL, NULL, 1),
                                                                                                                                               (472, NULL, NULL, NULL, NULL, NULL, NULL, 1),
                                                                                                                                               (473, NULL, NULL, NULL, NULL, NULL, NULL, 1),
                                                                                                                                               (474, NULL, NULL, NULL, NULL, NULL, NULL, 1),
                                                                                                                                               (475, NULL, NULL, NULL, NULL, NULL, NULL, 1),
                                                                                                                                               (476, NULL, NULL, NULL, NULL, NULL, NULL, 1),
                                                                                                                                               (477, NULL, NULL, NULL, NULL, NULL, NULL, 1),
                                                                                                                                               (478, NULL, NULL, NULL, NULL, NULL, NULL, 1),
                                                                                                                                               (479, NULL, NULL, NULL, NULL, NULL, NULL, 1),
                                                                                                                                               (480, NULL, NULL, NULL, NULL, NULL, NULL, 1),
                                                                                                                                               (481, NULL, NULL, NULL, NULL, NULL, NULL, 1),
                                                                                                                                               (482, NULL, NULL, NULL, NULL, NULL, NULL, 1),
                                                                                                                                               (483, NULL, NULL, NULL, NULL, NULL, NULL, 1),
                                                                                                                                               (484, NULL, NULL, NULL, NULL, NULL, NULL, 1),
                                                                                                                                               (485, NULL, NULL, NULL, NULL, NULL, NULL, 1),
                                                                                                                                               (486, NULL, NULL, NULL, NULL, NULL, NULL, 1),
                                                                                                                                               (487, NULL, NULL, NULL, NULL, NULL, NULL, 1),
                                                                                                                                               (488, NULL, NULL, NULL, NULL, NULL, NULL, 1),
                                                                                                                                               (489, NULL, NULL, NULL, NULL, NULL, NULL, 1),
                                                                                                                                               (490, NULL, NULL, NULL, NULL, NULL, NULL, 1),
                                                                                                                                               (491, NULL, NULL, NULL, NULL, NULL, NULL, 1),
                                                                                                                                               (492, NULL, NULL, NULL, NULL, NULL, NULL, 1),
                                                                                                                                               (493, NULL, NULL, NULL, NULL, NULL, NULL, 1),
                                                                                                                                               (494, NULL, NULL, NULL, NULL, NULL, NULL, 1),
                                                                                                                                               (495, NULL, NULL, NULL, NULL, NULL, NULL, 1),
                                                                                                                                               (496, NULL, NULL, NULL, NULL, NULL, NULL, 1),
                                                                                                                                               (497, NULL, NULL, NULL, NULL, NULL, NULL, 1),
                                                                                                                                               (498, NULL, NULL, NULL, NULL, NULL, NULL, 1),
                                                                                                                                               (499, NULL, NULL, NULL, NULL, NULL, NULL, 1),
                                                                                                                                               (500, NULL, NULL, NULL, NULL, NULL, NULL, 1),
                                                                                                                                               (501, NULL, NULL, NULL, NULL, NULL, NULL, 1),
                                                                                                                                               (502, NULL, NULL, NULL, NULL, NULL, NULL, 1),
                                                                                                                                               (503, NULL, NULL, NULL, NULL, NULL, NULL, 1),
                                                                                                                                               (504, NULL, NULL, NULL, NULL, NULL, NULL, 1),
                                                                                                                                               (505, NULL, NULL, NULL, NULL, NULL, NULL, 1),
                                                                                                                                               (506, NULL, NULL, NULL, NULL, NULL, NULL, 1),
                                                                                                                                               (507, NULL, NULL, NULL, NULL, NULL, NULL, 1),
                                                                                                                                               (508, NULL, NULL, NULL, NULL, NULL, NULL, 1),
                                                                                                                                               (509, NULL, NULL, NULL, NULL, NULL, NULL, 1),
                                                                                                                                               (510, NULL, NULL, NULL, NULL, NULL, NULL, 1),
                                                                                                                                               (511, NULL, NULL, NULL, NULL, NULL, NULL, 1),
                                                                                                                                               (512, NULL, NULL, NULL, NULL, NULL, NULL, 1),
                                                                                                                                               (513, NULL, NULL, NULL, NULL, NULL, NULL, 1),
                                                                                                                                               (514, NULL, NULL, NULL, NULL, NULL, NULL, 1),
                                                                                                                                               (515, NULL, NULL, NULL, NULL, NULL, NULL, 1),
                                                                                                                                               (516, NULL, NULL, NULL, NULL, NULL, NULL, 1),
                                                                                                                                               (517, NULL, NULL, NULL, NULL, NULL, NULL, 1),
                                                                                                                                               (518, NULL, NULL, NULL, NULL, NULL, NULL, 1),
                                                                                                                                               (519, NULL, NULL, NULL, NULL, NULL, NULL, 1),
                                                                                                                                               (520, NULL, NULL, NULL, NULL, NULL, NULL, 1),
                                                                                                                                               (521, NULL, NULL, NULL, NULL, NULL, NULL, 1),
                                                                                                                                               (522, NULL, NULL, NULL, NULL, NULL, NULL, 1),
                                                                                                                                               (523, NULL, NULL, NULL, NULL, NULL, NULL, 1),
                                                                                                                                               (524, NULL, NULL, NULL, NULL, NULL, NULL, 1),
                                                                                                                                               (525, NULL, NULL, NULL, NULL, NULL, NULL, 1),
                                                                                                                                               (526, NULL, NULL, NULL, NULL, NULL, NULL, 1),
                                                                                                                                               (527, NULL, NULL, NULL, NULL, NULL, NULL, 1),
                                                                                                                                               (528, NULL, NULL, NULL, NULL, NULL, NULL, 1),
                                                                                                                                               (529, NULL, NULL, NULL, NULL, NULL, NULL, 1),
                                                                                                                                               (530, NULL, NULL, NULL, NULL, NULL, NULL, 1),
                                                                                                                                               (531, NULL, NULL, NULL, NULL, NULL, NULL, 1),
                                                                                                                                               (532, NULL, NULL, NULL, NULL, NULL, NULL, 1),
                                                                                                                                               (533, NULL, NULL, NULL, NULL, NULL, NULL, 1),
                                                                                                                                               (534, NULL, NULL, NULL, NULL, NULL, NULL, 1),
                                                                                                                                               (535, NULL, NULL, NULL, NULL, NULL, NULL, 1),
                                                                                                                                               (536, NULL, NULL, NULL, NULL, NULL, NULL, 1),
                                                                                                                                               (537, NULL, NULL, NULL, NULL, NULL, NULL, 1),
                                                                                                                                               (538, NULL, NULL, NULL, NULL, NULL, NULL, 1),
                                                                                                                                               (539, NULL, NULL, NULL, NULL, NULL, NULL, 1),
                                                                                                                                               (540, NULL, NULL, NULL, NULL, NULL, NULL, 1),
                                                                                                                                               (541, NULL, NULL, NULL, NULL, NULL, NULL, 1),
                                                                                                                                               (542, NULL, NULL, NULL, NULL, NULL, NULL, 1),
                                                                                                                                               (543, NULL, NULL, NULL, NULL, NULL, NULL, 1),
                                                                                                                                               (544, NULL, NULL, NULL, NULL, NULL, NULL, 1),
                                                                                                                                               (545, NULL, NULL, NULL, NULL, NULL, NULL, 1),
                                                                                                                                               (546, NULL, NULL, NULL, NULL, NULL, NULL, 1),
                                                                                                                                               (547, NULL, NULL, NULL, NULL, NULL, NULL, 1),
                                                                                                                                               (548, NULL, NULL, NULL, NULL, NULL, NULL, 1),
                                                                                                                                               (549, NULL, NULL, NULL, NULL, NULL, NULL, 1),
                                                                                                                                               (550, NULL, NULL, NULL, NULL, NULL, NULL, 1),
                                                                                                                                               (551, NULL, NULL, NULL, NULL, NULL, NULL, 1),
                                                                                                                                               (552, NULL, NULL, NULL, NULL, NULL, NULL, 1),
                                                                                                                                               (553, NULL, NULL, NULL, NULL, NULL, NULL, 1),
                                                                                                                                               (554, NULL, NULL, NULL, NULL, NULL, NULL, 1),
                                                                                                                                               (555, NULL, NULL, NULL, NULL, NULL, NULL, 1),
                                                                                                                                               (556, NULL, NULL, NULL, NULL, NULL, NULL, 1),
                                                                                                                                               (557, NULL, NULL, NULL, NULL, NULL, NULL, 1),
                                                                                                                                               (558, NULL, NULL, NULL, NULL, NULL, NULL, 1),
                                                                                                                                               (559, NULL, NULL, NULL, NULL, NULL, NULL, 1),
                                                                                                                                               (560, NULL, NULL, NULL, NULL, NULL, NULL, 1),
                                                                                                                                               (561, NULL, NULL, NULL, NULL, NULL, NULL, 1),
                                                                                                                                               (562, NULL, NULL, NULL, NULL, NULL, NULL, 1),
                                                                                                                                               (563, NULL, NULL, NULL, NULL, NULL, NULL, 1),
                                                                                                                                               (564, NULL, NULL, NULL, NULL, NULL, NULL, 1),
                                                                                                                                               (565, NULL, NULL, NULL, NULL, NULL, NULL, 1),
                                                                                                                                               (566, NULL, NULL, NULL, NULL, NULL, NULL, 1),
                                                                                                                                               (567, NULL, NULL, NULL, NULL, NULL, NULL, 1),
                                                                                                                                               (568, NULL, NULL, NULL, NULL, NULL, NULL, 1),
                                                                                                                                               (569, NULL, NULL, NULL, NULL, NULL, NULL, 1),
                                                                                                                                               (570, NULL, NULL, NULL, NULL, NULL, NULL, 1),
                                                                                                                                               (571, NULL, NULL, NULL, NULL, NULL, NULL, 1),
                                                                                                                                               (572, NULL, NULL, NULL, NULL, NULL, NULL, 1),
                                                                                                                                               (573, NULL, NULL, NULL, NULL, NULL, NULL, 1),
                                                                                                                                               (574, NULL, NULL, NULL, NULL, NULL, NULL, 1),
                                                                                                                                               (575, NULL, NULL, NULL, NULL, NULL, NULL, 1),
                                                                                                                                               (576, NULL, NULL, NULL, NULL, NULL, NULL, 1),
                                                                                                                                               (577, NULL, NULL, NULL, NULL, NULL, NULL, 1),
                                                                                                                                               (578, NULL, NULL, NULL, NULL, NULL, NULL, 1),
                                                                                                                                               (579, NULL, NULL, NULL, NULL, NULL, NULL, 1),
                                                                                                                                               (580, NULL, NULL, NULL, NULL, NULL, NULL, 1),
                                                                                                                                               (581, NULL, NULL, NULL, NULL, NULL, NULL, 1),
                                                                                                                                               (582, NULL, NULL, NULL, NULL, NULL, NULL, 1),
                                                                                                                                               (583, NULL, NULL, NULL, NULL, NULL, NULL, 1),
                                                                                                                                               (584, NULL, NULL, NULL, NULL, NULL, NULL, 1),
                                                                                                                                               (585, NULL, NULL, NULL, NULL, NULL, NULL, 1),
                                                                                                                                               (586, NULL, NULL, NULL, NULL, NULL, NULL, 1),
                                                                                                                                               (587, NULL, NULL, NULL, NULL, NULL, NULL, 1),
                                                                                                                                               (588, NULL, NULL, NULL, NULL, NULL, NULL, 1),
                                                                                                                                               (589, NULL, NULL, NULL, NULL, NULL, NULL, 1),
                                                                                                                                               (590, NULL, NULL, NULL, NULL, NULL, NULL, 1);

-- --------------------------------------------------------

--
-- Структура таблицы `name_cranes`
--

CREATE TABLE `name_cranes` (
                               `id` int NOT NULL,
                               `name` varchar(31) COLLATE utf8mb4_general_ci NOT NULL
) ENGINE=InnoDB DEFAULT CHARSET=utf8mb4 COLLATE=utf8mb4_general_ci;

--
-- Дамп данных таблицы `name_cranes`
--

INSERT INTO `name_cranes` (`id`, `name`) VALUES
                                             (1, 'на ЛК'),
                                             (2, 'на перемычке'),
                                             (4, 'Обводной'),
                                             (6, 'Отсечной'),
                                             (7, 'Свечной'),
                                             (8, 'Стояк отбора газа');

-- --------------------------------------------------------

--
-- Структура таблицы `passwords`
--

CREATE TABLE `passwords` (
                             `id` int NOT NULL,
                             `user_id` int NOT NULL,
                             `password` varchar(100) CHARACTER SET utf8mb4 COLLATE utf8mb4_general_ci NOT NULL
) ENGINE=InnoDB DEFAULT CHARSET=utf8mb4 COLLATE=utf8mb4_general_ci;

--
-- Дамп данных таблицы `passwords`
--

INSERT INTO `passwords` (`id`, `user_id`, `password`) VALUES
                                                          (1, 29, '$2y$10$IjRH4FqokbP7dokRHQ4iDOK/3jPxHgOQwOfhOGkPqCVWS9swbMnz6'),
                                                          (2, 30, '$2y$10$FhWgc/3WP6G1/2KyvyOlY.g7zOBclp/yVZf9bqEJ/KeT6692FR6mO'),
                                                          (3, 1, '$2y$10$35.yVnFrsE9VXxcIWyziXuPLTxY8jaPKbc3TthHEQ7.aX8AbCpVky'),
                                                          (4, 2, '$2y$10$35.yVnFrsE9VXxcIWyziXuPLTxY8jaPKbc3TthHEQ7.aX8AbCpVky'),
                                                          (5, 3, '$2y$10$Abw38N4RumrLRGEkFtz0rOvR0L39D42gCNp6X7sy6M.KZqP43EWnq'),
                                                          (6, 4, '$2y$10$1HBaOo06MRWeBCMe8BlfzuKuN36AVmzr65f4ZjLVusuAPdSy.ZNUu'),
                                                          (7, 5, '$2y$10$ph2h/Y77Z9bzxB1ZF2Oy8OplNRmD4nMIBDV64N5s7xJTvvjrcQ1I.'),
                                                          (8, 6, '$2y$10$UgHWB.Flt/nAD7ChK9bP4eDgqMUETpBuQdSQk10Bt7yXlFmkjLYo.'),
                                                          (9, 7, '$2y$10$K2IS/sL02aTkKg810UGMEeBUKo438Qah2tCTiBs6E7qt1YBWJV8rK'),
                                                          (10, 8, '$2y$10$VNaMm0xeMOc1YK6Bfobl1OmT35/BPP0e/.Sxo0oDY75GPgl1Xryfy'),
                                                          (11, 9, '$2y$10$uXxWard7vwbZJW1rc6SEhuDtwsrPDfAyFWiXfQUXb5uGCceIaPm2e'),
                                                          (12, 10, '$2y$10$d483T/CxMDPUPaOipnpYneEgAGJLQxsyctMW84qmHBhE9fVvhz9rO'),
                                                          (13, 10, '$2y$10$3dGmTFEQN1G6J4o8oXa21uzt6v7L25eO/4e08ugpZs0c6FsqnP2Uu'),
                                                          (14, 12, '$2y$10$xKN.tTZDDTHp7JC6hYRUAuo3KHLnif9wGODV40NkSWw2EV81tZS0y'),
                                                          (15, 13, '$2y$10$KvdehAHAqfEDPC6LD1TgYuDr3YpLd23h2JDunSbU6QIBmz3tbkhHC'),
                                                          (16, 14, '$2y$10$//AuBTk7bZDrcNNkGyLLZuESbdZYS42BwJPoHvMsUxhwSH/7o6dlu'),
                                                          (17, 15, '$2y$10$kuIMHOCv9RSIMJVvmc054OTGVDjIorrASiMy2.uG7/xq13oJ5pU7y'),
                                                          (18, 16, '$2y$10$IbhVNW3tTjOpOOY5H1yRw.GEDYYBI1dSdQQdG6FwZ/CRghyUR8lG2'),
                                                          (19, 17, '$2y$10$86tevaRXnd0sQO96hTy6BO66Ybr7WV/ObSvfe0JoZgAIgXvBC9yNe'),
                                                          (20, 18, '$2y$10$w9VJ1cr9W8l6pouc8RoFZekB94is/BP6C88HFQomj9.lz9cOnFVM2'),
                                                          (21, 19, '$2y$10$OPK8drX3iEm7Z0S0M5aTb.3uyH1DkPY6m8GNTTYJuGzt7JLdDrOUS'),
                                                          (22, 20, '$2y$10$wDkJ.DKm3FuMGFxXDLmKK.HpP2sUI0lfryD5EhFbE/5PpGZgdYp/O'),
                                                          (23, 21, '$2y$10$OifF9VbxCF/.NXaXdYLlqO73EYCsLVXfaPqYAQ0p.ASqTKkTSkbmu'),
                                                          (24, 22, '$2y$10$FhGDUNnG5NKIGftX9pRKXeDKC6po0WQM/ObkAYZBW2/QH6mHiy.CK'),
                                                          (25, 23, '$2y$10$pqEkF6h9n4AjQt2SzoVRD.QNCvIAn1G6e.ywVtK9btWDFClMuDQv6'),
                                                          (26, 24, '$2y$10$3g5kSGJjbiB7NnSDO3IKcO1aw3rH8y.YPd6Eh.Rd/xLR5hfBzZ7XW'),
                                                          (27, 25, '$2y$10$4ajvUGO3EepMbD5Cwe3sp.tTYwitFWp804ATMpnlrUxhn1iDAe.H2'),
                                                          (28, 26, '$2y$10$wJHaaQYC/3m7QKUAqsCG2e0mtO5Q4Pt2MFgW3NLFjyRXIS7f1dXUi'),
                                                          (29, 27, '$2y$10$IzfnTtrtFnqEDYdpDcZu1.HHg5VaZFQm.vpXvELu.qcdp8L53B2dK'),
                                                          (30, 31, '$2y$10$sg1cngrBCveuMRIXIDor7e8956khQWLv2xdwQUqv2h2cFTySDrohO'),
                                                          (31, 32, '$2y$10$8xSYPFNFb7loLPKEWOdUzOXQykxq7S.Wo35Od8k5am4JB9t3328t.'),
                                                          (32, 33, '$2y$10$b1Rzne3cKvNwkFrQbmQovu4dfXxhAR.ukgoNvFQnbq96ShD85nmnG'),
                                                          (33, 34, '$2y$10$2keC6LIqOjw1j0pGyw2/3.j6jv/dXcqNw/nK0QMmnus6opHmiHpSi'),
                                                          (34, 35, '$2y$10$yOtaNmlW0N3ctqMqcEw4/ub/c.OsK/L2UwGf3kBD4xN7hCmku9FmW');

-- --------------------------------------------------------

--
-- Структура таблицы `photo_cranes`
--

CREATE TABLE `photo_cranes` (
                                `id` int NOT NULL,
                                `id_fitting` int NOT NULL,
                                `photo_url` varchar(1023) CHARACTER SET utf8mb4 COLLATE utf8mb4_general_ci NOT NULL,
                                `name` varchar(511) COLLATE utf8mb4_general_ci NOT NULL
) ENGINE=InnoDB DEFAULT CHARSET=utf8mb4 COLLATE=utf8mb4_general_ci;

--
-- Дамп данных таблицы `photo_cranes`
--

INSERT INTO `photo_cranes` (`id`, `id_fitting`, `photo_url`, `name`) VALUES
                                                                         (98, 7, 'http://localhost/portal_vkazym/app/assets/crane_data/Уренгой-Центр 2/Линейный_на ЛК_539_539-3.2/img/crane_img_7_2024-08-09T065420.png', 'кран.png'),
                                                                         (99, 7, 'http://localhost/portal_vkazym/app/assets/crane_data/Уренгой-Центр 2/Линейный_на ЛК_539_539-3.2/img/crane_img_7_2024-08-09T065424.png', 'save.png'),
                                                                         (101, 9, 'http://localhost/portal_vkazym/app/assets/crane_data/Уренгой-Ужгород/Линейный_на ЛК_538_538-1.3/img/crane_img_9_2024-08-09T065436.png', 'downArrow.png'),
                                                                         (104, 538, 'http://localhost/portal_vkazym/app/assets/crane_data/Ямбург-Поволжье/Линейный_Свечной_683.6_683-9.3/img/crane_img_538_2024-08-13T084926.png', 'кран.png'),
                                                                         (108, 311, 'http://localhost/portal_vkazym/app/assets/crane_data/СРТО-Урал/Линейный_Свечной_683.3_683-10.3/img/crane_img_311_2024-08-16T091358.png', 'tempImg.png'),
                                                                         (109, 311, 'http://localhost/portal_vkazym/app/assets/crane_data/СРТО-Урал/Линейный_Свечной_683.3_683-10.3/img/crane_img_311_2024-08-16T091402.png', 'кран.png'),
                                                                         (114, 6, 'http://localhost/portal_vkazym/app/assets/crane_data/Уренгой-Центр 2/Перемычка_Стояк отбора газа_853.9_853-1/img/crane_img_6_2024-08-19T030155.png', 'car.png');

-- --------------------------------------------------------

--
-- Структура таблицы `portal_modules`
--

CREATE TABLE `portal_modules` (
                                  `id` int NOT NULL,
                                  `name` varchar(255) COLLATE utf8mb4_general_ci NOT NULL,
                                  `link` varchar(255) COLLATE utf8mb4_general_ci NOT NULL DEFAULT '#',
                                  `description` varchar(255) COLLATE utf8mb4_general_ci NOT NULL,
                                  `color` varchar(255) COLLATE utf8mb4_general_ci NOT NULL
) ENGINE=InnoDB DEFAULT CHARSET=utf8mb4 COLLATE=utf8mb4_general_ci;

--
-- Дамп данных таблицы `portal_modules`
--

INSERT INTO `portal_modules` (`id`, `name`, `link`, `description`, `color`) VALUES
                                                                                (1, 'applications', 'appsForm.php', 'Заявки', 'blue'),
                                                                                (2, 'technique', 'technique.php', 'Заказ техники', 'yellow'),
                                                                                (3, 'cranes', 'allCranes.php', 'Краны', 'green'),
                                                                                (4, 'ЛКРИ', '#', 'ЛКРИ', 'red'),
                                                                                (5, 'Приложуха', '#', 'Приложение +1', 'blue');

-- --------------------------------------------------------

--
-- Структура таблицы `privileges`
--

CREATE TABLE `privileges` (
                              `id` int NOT NULL,
                              `work_position` int NOT NULL DEFAULT '0',
                              `transcript` varchar(255) CHARACTER SET utf8mb4 COLLATE utf8mb4_general_ci NOT NULL
) ENGINE=InnoDB DEFAULT CHARSET=utf8mb4 COLLATE=utf8mb4_general_ci;

--
-- Дамп данных таблицы `privileges`
--

INSERT INTO `privileges` (`id`, `work_position`, `transcript`) VALUES
                                                                   (1, 0, 'Пользователь(только просмотр)'),
                                                                   (2, 1, 'Админ'),
                                                                   (3, 2, 'Младший техник(заказ техники)'),
                                                                   (4, 3, 'Старший техник(заказ/подтверждение техники)'),
                                                                   (5, 4, 'Сотрудник техподдержки(просмотр/ответ на заявки)'),
                                                                   (6, 5, 'Мл. техник и сотрудник техподдержки(заказ техники и просмотр/ответ на заявки)'),
                                                                   (7, 6, 'Ст. техник и сотрудник техподдержки(заказ/подтверждение техники и просмотр/ответ на заявки)'),
                                                                   (8, 7, 'ДС');

-- --------------------------------------------------------

--
-- Структура таблицы `responses`
--

CREATE TABLE `responses` (
                             `id` int NOT NULL,
                             `application_id` int NOT NULL,
                             `user_id` int NOT NULL,
                             `response` text CHARACTER SET utf8mb4 COLLATE utf8mb4_general_ci,
                             `status` tinyint(1) NOT NULL,
                             `date` datetime NOT NULL DEFAULT CURRENT_TIMESTAMP
) ENGINE=InnoDB DEFAULT CHARSET=utf8mb4 COLLATE=utf8mb4_general_ci;

--
-- Дамп данных таблицы `responses`
--

INSERT INTO `responses` (`id`, `application_id`, `user_id`, `response`, `status`, `date`) VALUES
                                                                                              (26, 18, 24, '', 1, '2024-07-23 14:28:51'),
                                                                                              (27, 17, 24, '', 1, '2024-07-23 14:28:54'),
                                                                                              (28, 16, 24, '', 1, '2024-07-23 14:28:57'),
                                                                                              (29, 15, 24, '', 1, '2024-07-23 14:28:59'),
                                                                                              (30, 14, 24, '', 1, '2024-07-23 14:29:02'),
                                                                                              (31, 13, 24, '', 1, '2024-07-23 14:29:04'),
                                                                                              (32, 12, 24, '', 1, '2024-07-23 14:29:07'),
                                                                                              (33, 18, 27, 'ЗАявка выполнена', 2, '2024-07-23 14:30:09'),
                                                                                              (34, 17, 24, '', 2, '2024-07-23 14:31:41'),
                                                                                              (35, 16, 24, '', 2, '2024-07-23 14:36:04'),
                                                                                              (36, 15, 24, '........!', 3, '2024-07-23 15:35:35'),
                                                                                              (37, 19, 27, '', 1, '2024-07-24 09:29:52'),
                                                                                              (38, 19, 24, 'Вы', 2, '2024-07-24 09:31:08'),
                                                                                              (39, 20, 24, 'sdccdcccccccccc', 1, '2024-07-24 11:09:36'),
                                                                                              (40, 20, 24, 'vvvvvvvvvvvvvvvvvvvvvvv', 3, '2024-07-24 11:09:49'),
                                                                                              (41, 2, 24, '', 1, '2024-07-25 14:42:04'),
                                                                                              (42, 2, 24, 'hfkjdf', 2, '2024-07-25 14:45:45'),
                                                                                              (43, 11, 24, '', 1, '2024-07-25 15:12:00'),
                                                                                              (44, 13, 24, '', 2, '2024-07-25 16:12:23'),
                                                                                              (45, 24, 27, '', 1, '2024-07-29 11:39:21'),
                                                                                              (46, 7, 29, '', 2, '2024-07-29 14:37:38'),
                                                                                              (47, 9, 29, '', 1, '2024-07-29 14:37:46');

--
-- Триггеры `responses`
--
DELIMITER $$
CREATE TRIGGER `after_insert_responses` AFTER INSERT ON `responses` FOR EACH ROW BEGIN
    UPDATE applications
    SET status = NEW.status
    WHERE id = NEW.application_id;
END
    $$
DELIMITER ;
DELIMITER $$
CREATE TRIGGER `update_application_status_on_delete` AFTER DELETE ON `responses` FOR EACH ROW BEGIN
    -- Обновляем статус в таблице applications на 0 для удалённой записи
    UPDATE applications
    SET status = 0
    WHERE id = OLD.application_id;
END
    $$
DELIMITER ;

-- --------------------------------------------------------

--
-- Структура таблицы `responsible_person`
--

CREATE TABLE `responsible_person` (
                                      `id` int NOT NULL,
                                      `lastname` text CHARACTER SET utf8mb4 COLLATE utf8mb4_general_ci NOT NULL,
                                      `firstname` text CHARACTER SET utf8mb4 COLLATE utf8mb4_general_ci NOT NULL,
                                      `patronymic` text CHARACTER SET utf8mb4 COLLATE utf8mb4_general_ci NOT NULL,
                                      `service_id` int NOT NULL,
                                      `phone_number` text CHARACTER SET utf8mb4 COLLATE utf8mb4_general_ci
) ENGINE=InnoDB DEFAULT CHARSET=utf8mb4 COLLATE=utf8mb4_general_ci;

--
-- Дамп данных таблицы `responsible_person`
--

INSERT INTO `responsible_person` (`id`, `lastname`, `firstname`, `patronymic`, `service_id`, `phone_number`) VALUES
                                                                                                                 (1, 'Б', 'Борис', 'Борисович', 4, '00-001'),
                                                                                                                 (4, 'С', 'Юрий', 'Владимирович', 8, '89220000000'),
                                                                                                                 (6, 'П2', 'Иван', 'Иванович2', 8, '89876543210'),
                                                                                                                 (7, 'Т3', 'Василий', 'Васильевич', 8, '89876543210'),
                                                                                                                 (8, 'ПП', 'ИВАН', 'Иванович', 8, '89876543210'),
                                                                                                                 (9, 'GG', 'hfdd', 'rttr', 8, '8987654321');

-- --------------------------------------------------------

--
-- Структура таблицы `roles_modules`
--

CREATE TABLE `roles_modules` (
                                 `id` int NOT NULL,
                                 `id_role` int NOT NULL,
                                 `id_module` int NOT NULL,
                                 `privilege` int NOT NULL DEFAULT '0'
) ENGINE=InnoDB DEFAULT CHARSET=utf8mb4 COLLATE=utf8mb4_general_ci;

--
-- Дамп данных таблицы `roles_modules`
--

INSERT INTO `roles_modules` (`id`, `id_role`, `id_module`, `privilege`) VALUES
                                                                            (1, 1, 1, 2),
                                                                            (2, 1, 3, 0),
                                                                            (3, 1, 2, 0),
                                                                            (4, 2, 1, 3),
                                                                            (5, 2, 3, 3),
                                                                            (6, 2, 2, 3),
                                                                            (7, 3, 1, 3),
                                                                            (8, 3, 3, 3),
                                                                            (9, 3, 2, 0),
                                                                            (10, 4, 1, 2),
                                                                            (11, 4, 2, 2),
                                                                            (12, 4, 3, 0),
                                                                            (13, 5, 1, 2),
                                                                            (14, 5, 2, 3),
                                                                            (15, 5, 3, 0),
                                                                            (16, 6, 1, 3),
                                                                            (17, 6, 2, 0),
                                                                            (18, 6, 3, 0);

-- --------------------------------------------------------

--
-- Структура таблицы `route`
--

CREATE TABLE `route` (
                         `id` int NOT NULL,
                         `route_to` text CHARACTER SET utf8mb4 COLLATE utf8mb4_general_ci NOT NULL,
                         `service_id` int NOT NULL
) ENGINE=InnoDB DEFAULT CHARSET=utf8mb4 COLLATE=utf8mb4_general_ci;

--
-- Дамп данных таблицы `route`
--

INSERT INTO `route` (`id`, `route_to`, `service_id`) VALUES
                                                         (1, 'ДЛО-1', 8),
                                                         (2, 'ДЛО-2', 8),
                                                         (3, 'Жил поселок', 12),
                                                         (5, 'ДЛО-4', 8),
                                                         (6, 'ДЛО-5', 8),
                                                         (7, 'ДЛО-6', 8),
                                                         (8, 'ДЛО-8', 8),
                                                         (9, 'ДЛО-9', 8),
                                                         (10, 'ДЛО-10', 8),
                                                         (11, 'ДЛО-26', 8),
                                                         (12, 'СКГ-7', 4),
                                                         (13, 'СКГ-5', 4),
                                                         (14, 'ы', 4),
                                                         (15, 'ДЛО-144', 8);

-- --------------------------------------------------------

--
-- Структура таблицы `services`
--

CREATE TABLE `services` (
                            `id` int NOT NULL,
                            `service` text CHARACTER SET utf8mb4 COLLATE utf8mb4_unicode_ci NOT NULL
) ENGINE=InnoDB DEFAULT CHARSET=utf8mb4 COLLATE=utf8mb4_unicode_ci;

--
-- Дамп данных таблицы `services`
--

INSERT INTO `services` (`id`, `service`) VALUES
                                             (3, 'ДС'),
                                             (4, 'ГКС'),
                                             (5, 'ОТ'),
                                             (6, 'ЭВС'),
                                             (7, 'ЛЭС'),
                                             (8, 'АиМО'),
                                             (9, 'Связь'),
                                             (10, 'ВПО '),
                                             (11, 'СХМТРиСО'),
                                             (12, 'Общежитие'),
                                             (13, 'СЗК'),
                                             (14, 'КСК'),
                                             (15, 'ХАЛ'),
                                             (16, 'Диспетчер по транспорту'),
                                             (17, 'РиФИ'),
                                             (18, 'ГЗИ');

-- --------------------------------------------------------

--
-- Структура таблицы `technique`
--

CREATE TABLE `technique` (
                             `id_technique` int NOT NULL,
                             `name_technique` varchar(70) CHARACTER SET utf8mb4 COLLATE utf8mb4_general_ci NOT NULL,
                             `id_type_of_techniques` int NOT NULL,
                             `state_number` varchar(15) CHARACTER SET utf8mb4 COLLATE utf8mb4_general_ci NOT NULL,
                             `faulty` tinyint(1) NOT NULL DEFAULT '0'
) ENGINE=InnoDB DEFAULT CHARSET=utf8mb4 COLLATE=utf8mb4_general_ci;

--
-- Дамп данных таблицы `technique`
--

INSERT INTO `technique` (`id_technique`, `name_technique`, `id_type_of_techniques`, `state_number`, `faulty`) VALUES
                                                                                                                  (5, 'ВАЗ-00', 1, 'к123кк 186', 0),
                                                                                                                  (6, '11', 1, 'к123кк 186', 0),
                                                                                                                  (7, 'Вахтовый автобус (газовый), НЕФАЗ-4208-41', 9, 'В596ОХ 186', 0),
                                                                                                                  (8, 'Вахтовый автобус (газовый), НЕФАЗ-4208-41', 9, 'В868ВС 186', 0),
                                                                                                                  (9, 'Вахтовый автобус (газовый), НЕФАЗ-4208-41 ДЕЖУРНЫЙ', 9, 'А426УС 186', 0),
                                                                                                                  (10, 'Бортовая (газовая) КАМАЗ-43118', 5, 'В822ВС 186', 0),
                                                                                                                  (11, 'Бортовая-кислородка (газовая) КАМАЗ-43118', 5, 'В829ВС 186', 0),
                                                                                                                  (12, 'Автокран проходимый 25т (газовый) КАМАЗ-43118-37', 3, 'А438УС 186', 0),
                                                                                                                  (13, 'Автокран проходимый 16т (дизель) УРАЛ-5557', 3, 'К348ВМ 86', 1),
                                                                                                                  (14, 'Автокран шоссейный 25т (дизель) КАМАЗ-43118-37', 3, 'Х485СА 86', 0),
                                                                                                                  (15, 'Грузопассажирский КАМАЗ-КМУ (газовый)', 28, 'В649ТУ 86', 0),
                                                                                                                  (16, 'Грузопассажирский КАМАЗ-КМУ (дизель)', 28, 'б/н', 1),
                                                                                                                  (17, 'Грузопассажирский УАЗ-29893 (буханка)', 28, 'Н626АМ 186', 0),
                                                                                                                  (18, 'Грузопассажирский ГАЗ-2705', 28, 'А895УС 186', 0),
                                                                                                                  (19, 'Самосвал УРАЛ-63701', 17, 'А959УС 186', 0),
                                                                                                                  (20, 'Самосвал УРАЛ-63701', 17, 'б/н', 1),
                                                                                                                  (21, 'Самосвал КАМАЗ', 17, 'б/н', 0),
                                                                                                                  (22, 'Монтажный подъемник КАМАЗ-43114-32', 13, 'А407УС 186', 0),
                                                                                                                  (23, 'Илососная КАМАЗ-65115', 11, 'А927УС 186', 0),
                                                                                                                  (24, 'УМП-350 ЗИЛ-131', 21, 'У799ВМ 89', 0),
                                                                                                                  (25, 'ППУА-1600/100 КАМАЗ-53228', 16, 'Х798ТР 86', 0),
                                                                                                                  (26, 'АМКОДОР-342С', 7, '9260ХЕ 86', 0),
                                                                                                                  (27, 'Экскаватор Хитачи ЕХ-330', 23, '2913УМ 86', 0),
                                                                                                                  (28, 'Экскаватор ЕК-270', 23, '6795НА 86', 0),
                                                                                                                  (29, 'Экскаватор колесный ЕК-18', 24, '1545ХР 86', 0),
                                                                                                                  (30, 'Экскаватор колесный ЭО-2626А (петушок)', 24, '9261ХЕ 86', 0),
                                                                                                                  (31, 'Гусеничный транспортер ГАЗ-34031', 10, '7413МА 86', 0),
                                                                                                                  (32, 'Гусеничный транспортер ГАЗ-34031 (Сосновский)', 10, 'б/н', 0),
                                                                                                                  (33, 'Гусеничный транспортер ГТТ', 10, '3390ХМ 86', 0),
                                                                                                                  (34, 'Бульдозер Б-10.1111-1Е', 6, '7409МА 86', 0),
                                                                                                                  (35, 'Бульдозер Т-11.02ЯМБР (Четра)', 6, '2933УМ 86', 0),
                                                                                                                  (36, 'Бульдозер ДТ-75', 6, '5631ХМ 86', 0),
                                                                                                                  (37, 'Ямобур Т-35.01 ЯБР-1', 8, '5345ХМ 86', 0),
                                                                                                                  (38, 'Трубоукладчик ТГ-503Я', 19, '7411МА 86', 0),
                                                                                                                  (39, 'Трубоукладчик (стороннего ЛПУ)', 19, 'б/н', 0),
                                                                                                                  (40, 'МОАЗ-40489-23', 7, '8791ХЕ 86', 0),
                                                                                                                  (41, 'Легковой автомобиль УАЗ Патриот', 12, 'В893ВС 186', 0),
                                                                                                                  (42, 'Легковой автомобиль Тойота', 12, 'В141НО 186', 0),
                                                                                                                  (43, 'Аварийка (дизель) КАМАЗ-431140', 22, 'Х447МО 86', 0),
                                                                                                                  (44, 'Аварийка (дизель) КАМАЗ-43101А', 22, 'М276МВ 86', 0),
                                                                                                                  (45, 'Автобус НЕФАЗ-5299-11', 1, 'О966УА 86', 0),
                                                                                                                  (46, 'Автобус КАВЗ-4238', 1, 'А026ТМ 186', 0),
                                                                                                                  (47, 'УРАЛ (трал)', 18, 'б/н', 0),
                                                                                                                  (48, 'Автогрейдер ДЗ-98', 2, 'б/н', 0);

-- --------------------------------------------------------

--
-- Структура таблицы `technique_order`
--

CREATE TABLE `technique_order` (
                                   `id` int NOT NULL,
                                   `user_id` int NOT NULL,
                                   `service_id` int NOT NULL,
                                   `technique_id` int NOT NULL,
                                   `route_id` int NOT NULL,
                                   `work_activity` text CHARACTER SET utf8mb4 COLLATE utf8mb4_general_ci,
                                   `responsible_person_id` int NOT NULL,
                                   `date_from` date NOT NULL,
                                   `date_to` date NOT NULL,
                                   `time_from` time NOT NULL,
                                   `time_to` time NOT NULL,
                                   `datetime_from` datetime DEFAULT NULL,
                                   `datetime_to` datetime DEFAULT NULL,
                                   `shift` int DEFAULT NULL,
                                   `remark` text CHARACTER SET utf8mb4 COLLATE utf8mb4_general_ci,
                                   `status` tinyint NOT NULL DEFAULT '0',
                                   `created_at` datetime DEFAULT CURRENT_TIMESTAMP
) ENGINE=InnoDB DEFAULT CHARSET=utf8mb4 COLLATE=utf8mb4_general_ci;

--
-- Дамп данных таблицы `technique_order`
--

INSERT INTO `technique_order` (`id`, `user_id`, `service_id`, `technique_id`, `route_id`, `work_activity`, `responsible_person_id`, `date_from`, `date_to`, `time_from`, `time_to`, `datetime_from`, `datetime_to`, `shift`, `remark`, `status`, `created_at`) VALUES
                                                                                                                                                                                                                                                                   (1, 29, 8, 44, 5, 'виды работтттт', 1, '2024-07-03', '2024-07-04', '20:00:47', '23:00:00', '2024-07-03 20:00:47', '2024-07-04 23:00:00', NULL, 'нет примечания', 1, '2024-07-18 20:47:06'),
                                                                                                                                                                                                                                                                   (2, 29, 8, 6, 6, NULL, 4, '2024-07-02', '2024-07-05', '08:00:00', '20:00:00', '2024-07-02 08:00:00', '2024-07-05 20:00:00', 0, NULL, 2, '2024-07-20 13:47:36'),
                                                                                                                                                                                                                                                                   (3, 29, 8, 8, 6, NULL, 1, '2024-07-02', '2024-07-05', '08:00:00', '20:00:00', '2024-07-02 08:00:00', '2024-07-05 20:00:00', 0, NULL, 1, '2024-07-20 13:47:36'),
                                                                                                                                                                                                                                                                   (4, 11, 8, 7, 6, NULL, 4, '2024-07-03', '2024-07-02', '20:00:00', '08:00:00', '2024-07-03 20:00:00', '2024-07-02 08:00:00', 1, NULL, 1, '2024-07-22 08:16:07'),
                                                                                                                                                                                                                                                                   (5, 11, 8, 5, 6, NULL, 6, '2024-07-03', '2024-07-02', '20:00:00', '08:00:00', '2024-07-03 20:00:00', '2024-07-02 08:00:00', 1, NULL, 1, '2024-07-22 08:16:07'),
                                                                                                                                                                                                                                                                   (6, 11, 8, 12, 6, NULL, 7, '2024-07-03', '2024-07-02', '20:00:00', '08:00:00', '2024-07-03 20:00:00', '2024-07-02 08:00:00', 1, NULL, 1, '2024-07-22 08:16:07'),
                                                                                                                                                                                                                                                                   (7, 29, 8, 9, 11, NULL, 4, '2024-07-29', '2024-07-29', '08:00:00', '20:00:00', '2024-07-29 08:00:00', '2024-07-29 20:00:00', 0, NULL, 1, '2024-07-29 16:06:37'),
                                                                                                                                                                                                                                                                   (14, 32, 4, 7, 12, NULL, 1, '2024-07-29', '2024-07-29', '18:14:00', '20:00:00', '2024-07-29 18:14:00', '2024-07-29 20:00:00', 0, NULL, 0, '2024-07-29 17:14:36'),
                                                                                                                                                                                                                                                                   (15, 32, 4, 6, 12, NULL, 1, '2024-07-29', '2024-07-29', '18:14:00', '20:00:00', '2024-07-29 18:14:00', '2024-07-29 20:00:00', 0, NULL, 0, '2024-07-29 17:14:37'),
                                                                                                                                                                                                                                                                   (16, 32, 4, 22, 12, NULL, 1, '2024-07-29', '2024-07-29', '18:14:00', '20:00:00', '2024-07-29 18:14:00', '2024-07-29 20:00:00', 0, NULL, 0, '2024-07-29 17:14:37'),
                                                                                                                                                                                                                                                                   (33, 29, 8, 5, 1, 'Тест1', 6, '2024-07-30', '2024-07-31', '20:00:00', '08:00:00', '2024-07-30 20:00:00', '2024-07-31 08:00:00', 1, 'Тест1', 0, '2024-07-30 09:37:47'),
                                                                                                                                                                                                                                                                   (34, 29, 8, 8, 1, '', 7, '2024-07-30', '2024-07-31', '20:00:00', '08:00:00', '2024-07-30 20:00:00', '2024-07-31 08:00:00', 1, '', 0, '2024-07-30 09:37:47'),
                                                                                                                                                                                                                                                                   (36, 29, 8, 13, 1, 'Тест5', 6, '2024-07-30', '2024-07-31', '20:00:00', '08:00:00', '2024-07-30 20:00:00', '2024-07-31 08:00:00', 1, 'Тест5', 1, '2024-07-30 09:39:15'),
                                                                                                                                                                                                                                                                   (37, 29, 8, 10, 1, '', 7, '2024-07-30', '2024-07-31', '20:00:00', '08:00:00', '2024-07-30 20:00:00', '2024-07-31 08:00:00', 1, '', 1, '2024-07-30 09:39:15'),
                                                                                                                                                                                                                                                                   (38, 29, 8, 6, 1, 'Тест7', 4, '2024-07-30', '2024-07-31', '20:00:00', '08:00:00', '2024-07-30 20:00:00', '2024-07-31 08:00:00', 1, '', 2, '2024-07-30 09:39:15'),
                                                                                                                                                                                                                                                                   (39, 29, 8, 22, 1, 'Тест8', 6, '2024-07-30', '2024-07-31', '20:00:00', '08:00:00', '2024-07-30 20:00:00', '2024-07-31 08:00:00', 1, 'Тест8', 1, '2024-07-30 09:39:15'),
                                                                                                                                                                                                                                                                   (40, 25, 8, 5, 2, 'нет вида работнет вида работнет вида работнет вида работнет вида работнет вида работнет вида работнет вида работнет вида работ', 4, '2024-07-30', '2024-07-30', '13:15:00', '15:00:00', '2024-07-30 13:15:00', '2024-07-30 15:00:00', 0, 'ремарка ремарка ремарка ремарка ремарка ремарка ремарка ремарка ремарка ремарка ', 2, '2024-07-30 09:49:36'),
                                                                                                                                                                                                                                                                   (41, 25, 8, 7, 2, '', 6, '2024-07-30', '2024-07-30', '13:15:00', '15:00:00', '2024-07-30 13:15:00', '2024-07-30 15:00:00', 0, '-----', 2, '2024-07-30 09:49:36'),
                                                                                                                                                                                                                                                                   (42, 29, 8, 7, 2, 'ffff', 4, '2024-07-23', '2024-07-24', '20:00:00', '08:00:00', '2024-07-23 20:00:00', '2024-07-24 08:00:00', 1, 'ccccc', 2, '2024-07-30 10:30:12'),
                                                                                                                                                                                                                                                                   (43, 29, 8, 22, 2, '', 4, '2024-07-23', '2024-07-24', '20:00:00', '08:00:00', '2024-07-23 20:00:00', '2024-07-24 08:00:00', 1, '', 2, '2024-07-30 10:30:12'),
                                                                                                                                                                                                                                                                   (44, 29, 8, 45, 2, 'vvvv', 7, '2024-07-23', '2024-07-24', '20:00:00', '08:00:00', '2024-07-23 20:00:00', '2024-07-24 08:00:00', 1, '', 2, '2024-07-30 10:30:12'),
                                                                                                                                                                                                                                                                   (45, 29, 8, 6, 8, '----', 6, '2024-07-30', '2024-07-30', '13:35:00', '15:45:00', '2024-07-30 13:35:00', '2024-07-30 15:45:00', 0, '----', 1, '2024-07-30 10:32:53'),
                                                                                                                                                                                                                                                                   (46, 29, 8, 16, 8, '', 4, '2024-07-30', '2024-07-30', '13:35:00', '15:45:00', '2024-07-30 13:35:00', '2024-07-30 15:45:00', 0, '----', 1, '2024-07-30 10:32:53'),
                                                                                                                                                                                                                                                                   (50, 29, 8, 23, 1, 'Труд', 6, '2024-07-31', '2024-07-31', '08:00:00', '20:00:00', '2024-07-31 08:00:00', '2024-07-31 20:00:00', 0, 'Легкий', 1, '2024-07-31 14:52:10'),
                                                                                                                                                                                                                                                                   (51, 29, 8, 36, 1, 'Легкий2', 4, '2024-07-31', '2024-07-31', '08:00:00', '20:00:00', '2024-07-31 08:00:00', '2024-07-31 20:00:00', 0, '', 1, '2024-07-31 14:52:11'),
                                                                                                                                                                                                                                                                   (52, 29, 8, 21, 1, '', 6, '2024-07-31', '2024-07-31', '08:00:00', '20:00:00', '2024-07-31 08:00:00', '2024-07-31 20:00:00', 0, 'Труд2', 1, '2024-07-31 14:52:11'),
                                                                                                                                                                                                                                                                   (53, 29, 8, 22, 1, 'Труд3', 8, '2024-07-31', '2024-07-31', '08:00:00', '20:00:00', '2024-07-31 08:00:00', '2024-07-31 20:00:00', 0, 'Труд3', 1, '2024-07-31 14:52:11'),
                                                                                                                                                                                                                                                                   (54, 29, 8, 46, 1, '', 7, '2024-07-31', '2024-07-31', '08:00:00', '20:00:00', '2024-07-31 08:00:00', '2024-07-31 20:00:00', 0, '', 1, '2024-07-31 14:52:11'),
                                                                                                                                                                                                                                                                   (55, 29, 8, 6, 10, '-', 4, '2024-07-31', '2024-08-01', '20:00:00', '02:30:00', '2024-07-31 20:00:00', '2024-08-01 02:30:00', 1, '-', 1, '2024-07-31 14:53:34'),
                                                                                                                                                                                                                                                                   (56, 29, 8, 10, 10, '-----', 6, '2024-07-31', '2024-08-01', '20:00:00', '02:30:00', '2024-07-31 20:00:00', '2024-08-01 02:30:00', 1, '', 1, '2024-07-31 14:53:34'),
                                                                                                                                                                                                                                                                   (57, 29, 8, 21, 10, '', 7, '2024-07-31', '2024-08-01', '20:00:00', '02:30:00', '2024-07-31 20:00:00', '2024-08-01 02:30:00', 1, '', 1, '2024-07-31 14:53:34'),
                                                                                                                                                                                                                                                                   (58, 29, 8, 22, 10, '', 8, '2024-07-31', '2024-08-01', '20:00:00', '02:30:00', '2024-07-31 20:00:00', '2024-08-01 02:30:00', 1, '--', 1, '2024-07-31 14:53:34'),
                                                                                                                                                                                                                                                                   (59, 29, 8, 40, 10, '', 7, '2024-07-31', '2024-08-01', '20:00:00', '02:30:00', '2024-07-31 20:00:00', '2024-08-01 02:30:00', 1, 'нет', 1, '2024-07-31 14:53:34'),
                                                                                                                                                                                                                                                                   (60, 29, 8, 5, 11, 'Lorem ipsum dolor sit amet, consectetur adipisicing elit. Cum dolorem error impedit laboriosam similique voluptatibus! Consequatur fuga harum libero necessitatibus pariatur perferendis ut voluptas voluptatem! Culpa ipsa labore libero necessitatibus nihil porro qui, ut voluptas?', 4, '2024-08-01', '2024-08-02', '22:00:00', '01:00:00', '2024-08-01 22:00:00', '2024-08-02 01:00:00', NULL, 'o necessitatibus pariatur perferendis ut voluptas voluptatem! Culpa ipsa labore libero necessitatibus nihil porro qui, ut voluptas?', 2, '2024-07-31 17:08:00'),
                                                                                                                                                                                                                                                                   (61, 29, 8, 22, 11, 'Lorem ipsum osam similique voluptatibus! Consequatur fuga harum libero necessitatibus pariatur perferendis ut voluptas voluptatem! Culpa ipsa labore libero necessitatibus nihil porro qui, ut voluptas?', 4, '2024-08-01', '2024-08-02', '22:00:00', '01:00:00', '2024-08-01 22:00:00', '2024-08-02 01:00:00', NULL, 'Lorem ipsum dolor sit amet, consectetur adipisicing elit. Cum dolorem error impedit laboriosam similique voluptatibus! Consequatur fuga harum liber', 1, '2024-07-31 17:08:00'),
                                                                                                                                                                                                                                                                   (62, 29, 8, 29, 11, 'Loremulpa ipsa labore libero necessitatibus nihil porro qui, ut voluptas?', 6, '2024-08-01', '2024-08-02', '22:00:00', '01:00:00', '2024-08-01 22:00:00', '2024-08-02 01:00:00', NULL, '', 1, '2024-07-31 17:08:00'),
                                                                                                                                                                                                                                                                   (63, 29, 8, 36, 11, '', 4, '2024-08-01', '2024-08-02', '22:00:00', '01:00:00', '2024-08-01 22:00:00', '2024-08-02 01:00:00', NULL, 'dolor sit amet, consectetur adipisicing elit. Cum dolorem error impedit labori', 1, '2024-07-31 17:08:00'),
                                                                                                                                                                                                                                                                   (64, 29, 8, 47, 11, 'dolor sit amet, consectetur adipisicing elit. Cum dolorem error impedit laboridolor sit amet, consectetur adipisicing elit. Cum dolorem error impedit labori', 4, '2024-08-01', '2024-08-02', '22:00:00', '01:00:00', '2024-08-01 22:00:00', '2024-08-02 01:00:00', NULL, 'dolor sit amet, consectetur adipisicing elit. Cum dolorem error impedit labori', 1, '2024-07-31 17:08:00'),
                                                                                                                                                                                                                                                                   (65, 29, 8, 6, 6, NULL, 7, '2024-08-03', '2024-08-03', '13:09:49', '17:07:49', '2024-08-03 13:09:49', '2024-08-03 17:07:49', NULL, NULL, 2, '2024-08-01 11:05:49'),
                                                                                                                                                                                                                                                                   (66, 29, 8, 5, 1, '', 4, '2024-08-03', '2024-08-03', '17:10:00', '19:10:00', '2024-08-03 17:10:00', '2024-08-03 19:10:00', 0, '', 1, '2024-08-01 15:09:09'),
                                                                                                                                                                                                                                                                   (67, 29, 8, 6, 1, '', 6, '2024-08-03', '2024-08-03', '17:10:00', '19:10:00', '2024-08-03 17:10:00', '2024-08-03 19:10:00', 0, '', 1, '2024-08-01 15:09:09'),
                                                                                                                                                                                                                                                                   (68, 29, 8, 48, 2, '', 4, '2024-08-05', '2024-08-06', '21:50:00', '03:30:00', '2024-08-05 21:50:00', '2024-08-06 03:30:00', 1, '', 1, '2024-08-01 15:17:08'),
                                                                                                                                                                                                                                                                   (69, 29, 8, 47, 2, '', 6, '2024-08-05', '2024-08-06', '21:50:00', '03:30:00', '2024-08-05 21:50:00', '2024-08-06 03:30:00', 1, '', 1, '2024-08-01 15:17:08'),
                                                                                                                                                                                                                                                                   (70, 29, 8, 10, 9, 'vvvvv', 6, '2024-08-07', '2024-08-07', '08:00:00', '20:00:00', '2024-08-07 08:00:00', '2024-08-07 20:00:00', 0, 'ccccc....', 0, '2024-08-01 17:10:42'),
                                                                                                                                                                                                                                                                   (71, 29, 8, 6, 9, 'cccccc', 4, '2024-08-07', '2024-08-07', '08:00:00', '20:00:00', '2024-08-07 08:00:00', '2024-08-07 20:00:00', 0, '..bb', 0, '2024-08-01 17:10:42'),
                                                                                                                                                                                                                                                                   (72, 29, 8, 10, 5, '', 6, '2024-08-04', '2024-08-14', '19:26:00', '20:00:00', '2024-08-04 19:26:00', '2024-08-14 20:00:00', 0, '', 0, '2024-08-01 17:27:06'),
                                                                                                                                                                                                                                                                   (73, 25, 8, 8, 5, '----', 4, '2024-08-02', '2024-08-02', '13:15:00', '14:00:00', '2024-08-02 13:15:00', '2024-08-02 14:00:00', 0, '----', 2, '2024-08-02 09:15:23'),
                                                                                                                                                                                                                                                                   (74, 25, 8, 7, 5, '++++', 6, '2024-08-02', '2024-08-02', '13:15:00', '14:00:00', '2024-08-02 13:15:00', '2024-08-02 14:00:00', 0, '----', 1, '2024-08-02 09:15:23'),
                                                                                                                                                                                                                                                                   (75, 25, 8, 9, 5, '---++', 7, '2024-08-02', '2024-08-02', '13:15:00', '14:00:00', '2024-08-02 13:15:00', '2024-08-02 14:00:00', 0, '+++', 1, '2024-08-02 09:15:23');

--
-- Триггеры `technique_order`
--
DELIMITER $$
CREATE TRIGGER `before_insert_technique_order` BEFORE INSERT ON `technique_order` FOR EACH ROW BEGIN
    -- Объединяем дату и время для datetime_from
    SET NEW.datetime_from = STR_TO_DATE(CONCAT(NEW.date_from, ' ', NEW.time_from), '%Y-%m-%d %H:%i:%s');

    -- Объединяем дату и время для datetime_to
    SET NEW.datetime_to = STR_TO_DATE(CONCAT(NEW.date_to, ' ', NEW.time_to), '%Y-%m-%d %H:%i:%s');
END
    $$
DELIMITER ;

-- --------------------------------------------------------

--
-- Структура таблицы `temp_privilege`
--

CREATE TABLE `temp_privilege` (
                                  `id` int NOT NULL,
                                  `value` int NOT NULL,
                                  `description` varchar(255) COLLATE utf8mb4_general_ci NOT NULL
) ENGINE=InnoDB DEFAULT CHARSET=utf8mb4 COLLATE=utf8mb4_general_ci;

--
-- Дамп данных таблицы `temp_privilege`
--

INSERT INTO `temp_privilege` (`id`, `value`, `description`) VALUES
                                                                (1, 0, 'Доступ закрыть'),
                                                                (2, 1, 'Доступ открыт только на просмотр'),
                                                                (3, 2, 'Доступ открыт, частичное редактирование'),
                                                                (4, 3, 'Доступ открыт, полное редактирование');

-- --------------------------------------------------------

--
-- Структура таблицы `types_drives`
--

CREATE TABLE `types_drives` (
                                `id` int NOT NULL,
                                `name` varchar(63) CHARACTER SET utf8mb4 COLLATE utf8mb4_general_ci NOT NULL
) ENGINE=InnoDB DEFAULT CHARSET=utf8mb4 COLLATE=utf8mb4_general_ci;

--
-- Дамп данных таблицы `types_drives`
--

INSERT INTO `types_drives` (`id`, `name`) VALUES
                                              (2, 'Гидравлический'),
                                              (3, 'Пневматический'),
                                              (1, 'Пневмогидравлический'),
                                              (4, 'Пневмогидравлический с ААЗК'),
                                              (5, 'Ручной');

-- --------------------------------------------------------

--
-- Структура таблицы `types_maintenance`
--

CREATE TABLE `types_maintenance` (
                                     `id` int NOT NULL,
                                     `name` varchar(255) COLLATE utf8mb4_general_ci NOT NULL
) ENGINE=InnoDB DEFAULT CHARSET=utf8mb4 COLLATE=utf8mb4_general_ci;

--
-- Дамп данных таблицы `types_maintenance`
--

INSERT INTO `types_maintenance` (`id`, `name`) VALUES
    (1, 'Вывод ЗРА в ремонт');

-- --------------------------------------------------------

--
-- Структура таблицы `types_reinforcement`
--

CREATE TABLE `types_reinforcement` (
                                       `id` int NOT NULL,
                                       `name` varchar(63) CHARACTER SET utf8mb4 COLLATE utf8mb4_general_ci NOT NULL
) ENGINE=InnoDB DEFAULT CHARSET=utf8mb4 COLLATE=utf8mb4_general_ci;

--
-- Дамп данных таблицы `types_reinforcement`
--

INSERT INTO `types_reinforcement` (`id`, `name`) VALUES
    (2, 'Шаровой');

-- --------------------------------------------------------

--
-- Структура таблицы `type_of_technique`
--

CREATE TABLE `type_of_technique` (
                                     `id` int NOT NULL,
                                     `name` varchar(70) CHARACTER SET utf8mb4 COLLATE utf8mb4_general_ci NOT NULL
) ENGINE=InnoDB DEFAULT CHARSET=utf8mb4 COLLATE=utf8mb4_general_ci;

--
-- Дамп данных таблицы `type_of_technique`
--

INSERT INTO `type_of_technique` (`id`, `name`) VALUES
                                                   (1, 'Автобус'),
                                                   (2, 'Автогрейдер'),
                                                   (3, 'Автокран'),
                                                   (4, 'Автоцистерна'),
                                                   (5, 'Бортовая'),
                                                   (6, 'Бульдозер'),
                                                   (7, 'Бульдозер колесный'),
                                                   (8, 'Бурильно-крановая'),
                                                   (9, 'Вахтовый автобус'),
                                                   (10, 'Гусеничный транспортер'),
                                                   (11, 'Илососная'),
                                                   (12, 'Легковая'),
                                                   (13, 'Монтажный подъёмник'),
                                                   (14, 'Пескоразбрасыватель'),
                                                   (15, 'Пожарная'),
                                                   (16, 'ППУ'),
                                                   (17, 'Самосвал'),
                                                   (18, 'Седельный тягач'),
                                                   (19, 'Трубоукладчик'),
                                                   (20, 'Уборочный трактор'),
                                                   (21, 'УМП-350'),
                                                   (22, 'Фургон'),
                                                   (23, 'Экскаватор'),
                                                   (24, 'Экскаватор колесный'),
                                                   (25, 'Микроавтобус'),
                                                   (26, 'Погрузчик'),
                                                   (27, 'Агрегат сварочный'),
                                                   (28, 'Грузопассажирский транспорт');

-- --------------------------------------------------------

--
-- Структура таблицы `unification_cranes`
--

CREATE TABLE `unification_cranes` (
                                      `id` int NOT NULL,
                                      `name` varchar(63) CHARACTER SET utf8mb4 COLLATE utf8mb4_general_ci NOT NULL
) ENGINE=InnoDB DEFAULT CHARSET=utf8mb4 COLLATE=utf8mb4_general_ci;

--
-- Дамп данных таблицы `unification_cranes`
--

INSERT INTO `unification_cranes` (`id`, `name`) VALUES
                                                    (1, '537 КрУ'),
                                                    (2, 'КЦ');

-- --------------------------------------------------------

--
-- Структура таблицы `users`
--

CREATE TABLE `users` (
                         `id` int NOT NULL,
                         `login` varchar(40) CHARACTER SET utf8mb4 COLLATE utf8mb4_unicode_ci NOT NULL,
                         `privilege` int NOT NULL,
                         `service_id` int DEFAULT NULL,
                         `id_role` int NOT NULL DEFAULT '1'
) ENGINE=InnoDB DEFAULT CHARSET=utf8mb4 COLLATE=utf8mb4_unicode_ci;

--
-- Дамп данных таблицы `users`
--

INSERT INTO `users` (`id`, `login`, `privilege`, `service_id`, `id_role`) VALUES
                                                                              (1, 'ii.ivanov', 0, NULL, 1),
                                                                              (2, 'ii.ivanov2', 0, NULL, 1),
                                                                              (3, 'ii.ivanov3', 0, NULL, 1),
                                                                              (4, 'ii.ivanov4', 0, NULL, 1),
                                                                              (5, 'ii.ivanov5', 0, NULL, 1),
                                                                              (6, 'ii.ivano66', 0, NULL, 1),
                                                                              (7, 'wqdqd', 0, NULL, 1),
                                                                              (8, 'ii.ivanov7', 0, NULL, 1),
                                                                              (9, 'ii.ivanov10', 0, NULL, 1),
                                                                              (10, 'ii.ivanov11', 0, NULL, 1),
                                                                              (11, 'ii.ivanov12', 0, NULL, 1),
                                                                              (12, 'ii.ivanov13', 0, NULL, 1),
                                                                              (13, 'ii.ivanov14', 0, NULL, 1),
                                                                              (14, 'ii.ivanov15', 0, NULL, 1),
                                                                              (15, 'ii.ivanov16', 0, NULL, 1),
                                                                              (16, 'ii.ivanov17', 0, NULL, 1),
                                                                              (17, 'ii.ivanov18', 0, NULL, 1),
                                                                              (18, 'ii.ivanov19', 1, NULL, 1),
                                                                              (19, 'ii.ivanov22', 0, NULL, 1),
                                                                              (20, 'ii.ivanov25', 0, NULL, 1),
                                                                              (21, 'ii.ivanov26', 0, NULL, 1),
                                                                              (22, 'ii.ivanov001', 0, 8, 1),
                                                                              (23, 'ee.litva3', 3, 8, 1),
                                                                              (24, 'ee.litva1', 1, 8, 2),
                                                                              (25, 'ee.litva2', 2, 8, 1),
                                                                              (26, 'ee.litva4', 4, 8, 1),
                                                                              (27, 'ee.litva5', 5, 8, 1),
                                                                              (29, 'ee.litva6', 6, 8, 3),
                                                                              (30, 'ee.litva0', 0, 8, 1),
                                                                              (31, 'ee.litva7', 7, 8, 1),
                                                                              (32, 'ee.litva16', 6, 4, 1),
                                                                              (33, 'ee.litva11', 0, 8, 1),
                                                                              (34, 'ee.litva78', 0, 8, 1),
                                                                              (35, 'ee.litva79', 0, 8, 1);

--
-- Триггеры `users`
--
DELIMITER $$
CREATE TRIGGER `create_temp_entry` AFTER INSERT ON `users` FOR EACH ROW BEGIN
    INSERT INTO temp (id_user) VALUES (NEW.id);
END
    $$
DELIMITER ;

-- --------------------------------------------------------

--
-- Структура таблицы `user_roles`
--

CREATE TABLE `user_roles` (
                              `id` int NOT NULL,
                              `role` varchar(127) COLLATE utf8mb4_general_ci NOT NULL
) ENGINE=InnoDB DEFAULT CHARSET=utf8mb4 COLLATE=utf8mb4_general_ci;

--
-- Дамп данных таблицы `user_roles`
--

INSERT INTO `user_roles` (`id`, `role`) VALUES
                                            (2, 'admin'),
                                            (1, 'basicUser'),
                                            (3, 'dispatcher employee'),
                                            (4, 'junior technician'),
                                            (5, 'senior technician'),
                                            (6, 'support employee');

--
-- Индексы сохранённых таблиц
--

--
-- Индексы таблицы `applications`
--
ALTER TABLE `applications`
    ADD PRIMARY KEY (`id`),
  ADD KEY `user_id` (`user_id`),
  ADD KEY `status` (`status`);

--
-- Индексы таблицы `application_status`
--
ALTER TABLE `application_status`
    ADD PRIMARY KEY (`id`),
  ADD UNIQUE KEY `value` (`value`);

--
-- Индексы таблицы `companies`
--
ALTER TABLE `companies`
    ADD PRIMARY KEY (`id`),
  ADD UNIQUE KEY `firm` (`firm`),
  ADD KEY `location` (`location`);

--
-- Индексы таблицы `crane_classes`
--
ALTER TABLE `crane_classes`
    ADD PRIMARY KEY (`id`),
  ADD UNIQUE KEY `name` (`name`);

--
-- Индексы таблицы `document_cranes`
--
ALTER TABLE `document_cranes`
    ADD PRIMARY KEY (`id`),
  ADD KEY `id_fitting` (`id_fitting`);

--
-- Индексы таблицы `drives`
--
ALTER TABLE `drives`
    ADD PRIMARY KEY (`id`),
  ADD KEY `type_drive` (`type_drive`),
  ADD KEY `company` (`company`),
  ADD KEY `liquid` (`liquid`);

--
-- Индексы таблицы `executions`
--
ALTER TABLE `executions`
    ADD PRIMARY KEY (`id`),
  ADD UNIQUE KEY `name` (`name`);

--
-- Индексы таблицы `fittings`
--
ALTER TABLE `fittings`
    ADD PRIMARY KEY (`id`),
  ADD UNIQUE KEY `id_drive` (`id_drive`),
  ADD UNIQUE KEY `id_malfunction` (`id_malfunction`),
  ADD KEY `name_highways` (`name_highways`),
  ADD KEY `company` (`company`),
  ADD KEY `IUS` (`IUS`),
  ADD KEY `unification_crane` (`unification_crane`),
  ADD KEY `accessories` (`crane_class`),
  ADD KEY `type_reinforcement` (`type_reinforcement`),
  ADD KEY `execution` (`execution`),
  ADD KEY `name_crane` (`name_crane`);

--
-- Индексы таблицы `highways`
--
ALTER TABLE `highways`
    ADD PRIMARY KEY (`id`),
  ADD KEY `lpumg` (`lpumg`),
  ADD KEY `name` (`name`);

--
-- Индексы таблицы `identified_faults`
--
ALTER TABLE `identified_faults`
    ADD PRIMARY KEY (`id`),
  ADD KEY `id_user_detection` (`id_user_detection`,`id_user_troubleshooting`),
  ADD KEY `id_user_troubleshooting` (`id_user_troubleshooting`),
  ADD KEY `id_fitting` (`id_fitting`);

--
-- Индексы таблицы `ius`
--
ALTER TABLE `ius`
    ADD PRIMARY KEY (`id`),
  ADD UNIQUE KEY `name` (`name`);

--
-- Индексы таблицы `links`
--
ALTER TABLE `links`
    ADD PRIMARY KEY (`id`);

--
-- Индексы таблицы `liquids`
--
ALTER TABLE `liquids`
    ADD PRIMARY KEY (`id`),
  ADD UNIQUE KEY `name` (`name`);

--
-- Индексы таблицы `list_act_leakages`
--
ALTER TABLE `list_act_leakages`
    ADD PRIMARY KEY (`id`);

--
-- Индексы таблицы `list_classification_installations`
--
ALTER TABLE `list_classification_installations`
    ADD PRIMARY KEY (`id`);

--
-- Индексы таблицы `list_general_descriptions`
--
ALTER TABLE `list_general_descriptions`
    ADD PRIMARY KEY (`id`),
  ADD UNIQUE KEY `name` (`name`);

--
-- Индексы таблицы `list_leakages`
--
ALTER TABLE `list_leakages`
    ADD PRIMARY KEY (`id`);

--
-- Индексы таблицы `list_results`
--
ALTER TABLE `list_results`
    ADD PRIMARY KEY (`id`);

--
-- Индексы таблицы `list_strapping`
--
ALTER TABLE `list_strapping`
    ADD PRIMARY KEY (`id`);

--
-- Индексы таблицы `list_tightness`
--
ALTER TABLE `list_tightness`
    ADD PRIMARY KEY (`id`);

--
-- Индексы таблицы `location`
--
ALTER TABLE `location`
    ADD PRIMARY KEY (`id`),
  ADD UNIQUE KEY `name` (`name`),
  ADD KEY `name_2` (`name`);

--
-- Индексы таблицы `lpumgs`
--
ALTER TABLE `lpumgs`
    ADD PRIMARY KEY (`id`),
  ADD UNIQUE KEY `name` (`name`);

--
-- Индексы таблицы `maintenance`
--
ALTER TABLE `maintenance`
    ADD PRIMARY KEY (`id`),
  ADD KEY `id_fitting` (`id_fitting`),
  ADD KEY `type_maintenance` (`type_maintenance`),
  ADD KEY `id_user` (`id_user`);

--
-- Индексы таблицы `malfunctions`
--
ALTER TABLE `malfunctions`
    ADD PRIMARY KEY (`id`);

--
-- Индексы таблицы `name_cranes`
--
ALTER TABLE `name_cranes`
    ADD PRIMARY KEY (`id`),
  ADD UNIQUE KEY `name` (`name`);

--
-- Индексы таблицы `passwords`
--
ALTER TABLE `passwords`
    ADD PRIMARY KEY (`id`),
  ADD KEY `user_id` (`user_id`);

--
-- Индексы таблицы `photo_cranes`
--
ALTER TABLE `photo_cranes`
    ADD PRIMARY KEY (`id`),
  ADD KEY `id_fitting` (`id_fitting`);

--
-- Индексы таблицы `portal_modules`
--
ALTER TABLE `portal_modules`
    ADD PRIMARY KEY (`id`),
  ADD UNIQUE KEY `name` (`name`);

--
-- Индексы таблицы `privileges`
--
ALTER TABLE `privileges`
    ADD PRIMARY KEY (`id`),
  ADD KEY `work_position` (`work_position`);

--
-- Индексы таблицы `responses`
--
ALTER TABLE `responses`
    ADD PRIMARY KEY (`id`),
  ADD KEY `responses_ibfk_1` (`application_id`),
  ADD KEY `status` (`status`),
  ADD KEY `user_id` (`user_id`);

--
-- Индексы таблицы `responsible_person`
--
ALTER TABLE `responsible_person`
    ADD PRIMARY KEY (`id`),
  ADD KEY `service_id` (`service_id`);

--
-- Индексы таблицы `roles_modules`
--
ALTER TABLE `roles_modules`
    ADD PRIMARY KEY (`id`),
  ADD KEY `id_role` (`id_role`),
  ADD KEY `id_module` (`id_module`),
  ADD KEY `privilege` (`privilege`);

--
-- Индексы таблицы `route`
--
ALTER TABLE `route`
    ADD PRIMARY KEY (`id`),
  ADD KEY `route_ibfk_1` (`service_id`);

--
-- Индексы таблицы `services`
--
ALTER TABLE `services`
    ADD PRIMARY KEY (`id`);

--
-- Индексы таблицы `technique`
--
ALTER TABLE `technique`
    ADD PRIMARY KEY (`id_technique`),
  ADD KEY `id_type_of_techniques` (`id_type_of_techniques`);

--
-- Индексы таблицы `technique_order`
--
ALTER TABLE `technique_order`
    ADD PRIMARY KEY (`id`),
  ADD KEY `technique_order_ibfk_3` (`service_id`),
  ADD KEY `technique_order_ibfk_4` (`technique_id`),
  ADD KEY `technique_order_ibfk_2` (`route_id`),
  ADD KEY `technique_order_ibfk_1` (`responsible_person_id`),
  ADD KEY `user_id` (`user_id`);

--
-- Индексы таблицы `temp_privilege`
--
ALTER TABLE `temp_privilege`
    ADD PRIMARY KEY (`id`),
  ADD UNIQUE KEY `value` (`value`);

--
-- Индексы таблицы `types_drives`
--
ALTER TABLE `types_drives`
    ADD PRIMARY KEY (`id`),
  ADD UNIQUE KEY `name` (`name`);

--
-- Индексы таблицы `types_maintenance`
--
ALTER TABLE `types_maintenance`
    ADD PRIMARY KEY (`id`),
  ADD UNIQUE KEY `name` (`name`);

--
-- Индексы таблицы `types_reinforcement`
--
ALTER TABLE `types_reinforcement`
    ADD PRIMARY KEY (`id`),
  ADD UNIQUE KEY `name` (`name`);

--
-- Индексы таблицы `type_of_technique`
--
ALTER TABLE `type_of_technique`
    ADD PRIMARY KEY (`id`);

--
-- Индексы таблицы `unification_cranes`
--
ALTER TABLE `unification_cranes`
    ADD PRIMARY KEY (`id`),
  ADD UNIQUE KEY `name` (`name`);

--
-- Индексы таблицы `users`
--
ALTER TABLE `users`
    ADD PRIMARY KEY (`id`),
  ADD UNIQUE KEY `login` (`login`),
  ADD KEY `service_id` (`service_id`),
  ADD KEY `privilege` (`privilege`),
  ADD KEY `id_role` (`id_role`);

--
-- Индексы таблицы `user_roles`
--
ALTER TABLE `user_roles`
    ADD PRIMARY KEY (`id`),
  ADD UNIQUE KEY `role` (`role`);

--
-- AUTO_INCREMENT для сохранённых таблиц
--

--
-- AUTO_INCREMENT для таблицы `applications`
--
ALTER TABLE `applications`
    MODIFY `id` int NOT NULL AUTO_INCREMENT, AUTO_INCREMENT=30;

--
-- AUTO_INCREMENT для таблицы `application_status`
--
ALTER TABLE `application_status`
    MODIFY `id` int NOT NULL AUTO_INCREMENT, AUTO_INCREMENT=5;

--
-- AUTO_INCREMENT для таблицы `companies`
--
ALTER TABLE `companies`
    MODIFY `id` int NOT NULL AUTO_INCREMENT, AUTO_INCREMENT=20;

--
-- AUTO_INCREMENT для таблицы `crane_classes`
--
ALTER TABLE `crane_classes`
    MODIFY `id` int NOT NULL AUTO_INCREMENT, AUTO_INCREMENT=11;

--
-- AUTO_INCREMENT для таблицы `document_cranes`
--
ALTER TABLE `document_cranes`
    MODIFY `id` int NOT NULL AUTO_INCREMENT, AUTO_INCREMENT=37;

--
-- AUTO_INCREMENT для таблицы `drives`
--
ALTER TABLE `drives`
    MODIFY `id` int NOT NULL AUTO_INCREMENT, AUTO_INCREMENT=563;

--
-- AUTO_INCREMENT для таблицы `executions`
--
ALTER TABLE `executions`
    MODIFY `id` int NOT NULL AUTO_INCREMENT, AUTO_INCREMENT=2;

--
-- AUTO_INCREMENT для таблицы `fittings`
--
ALTER TABLE `fittings`
    MODIFY `id` int NOT NULL AUTO_INCREMENT, AUTO_INCREMENT=587;

--
-- AUTO_INCREMENT для таблицы `highways`
--
ALTER TABLE `highways`
    MODIFY `id` int NOT NULL AUTO_INCREMENT, AUTO_INCREMENT=102;

--
-- AUTO_INCREMENT для таблицы `identified_faults`
--
ALTER TABLE `identified_faults`
    MODIFY `id` int NOT NULL AUTO_INCREMENT, AUTO_INCREMENT=33;

--
-- AUTO_INCREMENT для таблицы `ius`
--
ALTER TABLE `ius`
    MODIFY `id` int NOT NULL AUTO_INCREMENT, AUTO_INCREMENT=4;

--
-- AUTO_INCREMENT для таблицы `links`
--
ALTER TABLE `links`
    MODIFY `id` int NOT NULL AUTO_INCREMENT, AUTO_INCREMENT=13;

--
-- AUTO_INCREMENT для таблицы `liquids`
--
ALTER TABLE `liquids`
    MODIFY `id` int NOT NULL AUTO_INCREMENT, AUTO_INCREMENT=2;

--
-- AUTO_INCREMENT для таблицы `list_act_leakages`
--
ALTER TABLE `list_act_leakages`
    MODIFY `id` int NOT NULL AUTO_INCREMENT, AUTO_INCREMENT=4;

--
-- AUTO_INCREMENT для таблицы `list_classification_installations`
--
ALTER TABLE `list_classification_installations`
    MODIFY `id` int NOT NULL AUTO_INCREMENT, AUTO_INCREMENT=3;

--
-- AUTO_INCREMENT для таблицы `list_general_descriptions`
--
ALTER TABLE `list_general_descriptions`
    MODIFY `id` int NOT NULL AUTO_INCREMENT, AUTO_INCREMENT=4;

--
-- AUTO_INCREMENT для таблицы `list_leakages`
--
ALTER TABLE `list_leakages`
    MODIFY `id` int NOT NULL AUTO_INCREMENT, AUTO_INCREMENT=7;

--
-- AUTO_INCREMENT для таблицы `list_results`
--
ALTER TABLE `list_results`
    MODIFY `id` int NOT NULL AUTO_INCREMENT, AUTO_INCREMENT=4;

--
-- AUTO_INCREMENT для таблицы `list_strapping`
--
ALTER TABLE `list_strapping`
    MODIFY `id` int NOT NULL AUTO_INCREMENT, AUTO_INCREMENT=3;

--
-- AUTO_INCREMENT для таблицы `list_tightness`
--
ALTER TABLE `list_tightness`
    MODIFY `id` int NOT NULL AUTO_INCREMENT, AUTO_INCREMENT=3;

--
-- AUTO_INCREMENT для таблицы `location`
--
ALTER TABLE `location`
    MODIFY `id` int NOT NULL AUTO_INCREMENT, AUTO_INCREMENT=8;

--
-- AUTO_INCREMENT для таблицы `lpumgs`
--
ALTER TABLE `lpumgs`
    MODIFY `id` int NOT NULL AUTO_INCREMENT, AUTO_INCREMENT=3;

--
-- AUTO_INCREMENT для таблицы `maintenance`
--
ALTER TABLE `maintenance`
    MODIFY `id` int NOT NULL AUTO_INCREMENT, AUTO_INCREMENT=36;

--
-- AUTO_INCREMENT для таблицы `malfunctions`
--
ALTER TABLE `malfunctions`
    MODIFY `id` int NOT NULL AUTO_INCREMENT, AUTO_INCREMENT=591;

--
-- AUTO_INCREMENT для таблицы `name_cranes`
--
ALTER TABLE `name_cranes`
    MODIFY `id` int NOT NULL AUTO_INCREMENT, AUTO_INCREMENT=9;

--
-- AUTO_INCREMENT для таблицы `passwords`
--
ALTER TABLE `passwords`
    MODIFY `id` int NOT NULL AUTO_INCREMENT, AUTO_INCREMENT=35;

--
-- AUTO_INCREMENT для таблицы `photo_cranes`
--
ALTER TABLE `photo_cranes`
    MODIFY `id` int NOT NULL AUTO_INCREMENT, AUTO_INCREMENT=115;

--
-- AUTO_INCREMENT для таблицы `portal_modules`
--
ALTER TABLE `portal_modules`
    MODIFY `id` int NOT NULL AUTO_INCREMENT, AUTO_INCREMENT=6;

--
-- AUTO_INCREMENT для таблицы `privileges`
--
ALTER TABLE `privileges`
    MODIFY `id` int NOT NULL AUTO_INCREMENT, AUTO_INCREMENT=9;

--
-- AUTO_INCREMENT для таблицы `responses`
--
ALTER TABLE `responses`
    MODIFY `id` int NOT NULL AUTO_INCREMENT, AUTO_INCREMENT=48;

--
-- AUTO_INCREMENT для таблицы `responsible_person`
--
ALTER TABLE `responsible_person`
    MODIFY `id` int NOT NULL AUTO_INCREMENT, AUTO_INCREMENT=10;

--
-- AUTO_INCREMENT для таблицы `roles_modules`
--
ALTER TABLE `roles_modules`
    MODIFY `id` int NOT NULL AUTO_INCREMENT, AUTO_INCREMENT=19;

--
-- AUTO_INCREMENT для таблицы `route`
--
ALTER TABLE `route`
    MODIFY `id` int NOT NULL AUTO_INCREMENT, AUTO_INCREMENT=16;

--
-- AUTO_INCREMENT для таблицы `services`
--
ALTER TABLE `services`
    MODIFY `id` int NOT NULL AUTO_INCREMENT, AUTO_INCREMENT=19;

--
-- AUTO_INCREMENT для таблицы `technique`
--
ALTER TABLE `technique`
    MODIFY `id_technique` int NOT NULL AUTO_INCREMENT, AUTO_INCREMENT=49;

--
-- AUTO_INCREMENT для таблицы `technique_order`
--
ALTER TABLE `technique_order`
    MODIFY `id` int NOT NULL AUTO_INCREMENT, AUTO_INCREMENT=76;

--
-- AUTO_INCREMENT для таблицы `temp_privilege`
--
ALTER TABLE `temp_privilege`
    MODIFY `id` int NOT NULL AUTO_INCREMENT, AUTO_INCREMENT=5;

--
-- AUTO_INCREMENT для таблицы `types_drives`
--
ALTER TABLE `types_drives`
    MODIFY `id` int NOT NULL AUTO_INCREMENT, AUTO_INCREMENT=6;

--
-- AUTO_INCREMENT для таблицы `types_maintenance`
--
ALTER TABLE `types_maintenance`
    MODIFY `id` int NOT NULL AUTO_INCREMENT, AUTO_INCREMENT=2;

--
-- AUTO_INCREMENT для таблицы `types_reinforcement`
--
ALTER TABLE `types_reinforcement`
    MODIFY `id` int NOT NULL AUTO_INCREMENT, AUTO_INCREMENT=3;

--
-- AUTO_INCREMENT для таблицы `type_of_technique`
--
ALTER TABLE `type_of_technique`
    MODIFY `id` int NOT NULL AUTO_INCREMENT, AUTO_INCREMENT=29;

--
-- AUTO_INCREMENT для таблицы `unification_cranes`
--
ALTER TABLE `unification_cranes`
    MODIFY `id` int NOT NULL AUTO_INCREMENT, AUTO_INCREMENT=3;

--
-- AUTO_INCREMENT для таблицы `users`
--
ALTER TABLE `users`
    MODIFY `id` int NOT NULL AUTO_INCREMENT, AUTO_INCREMENT=36;

--
-- AUTO_INCREMENT для таблицы `user_roles`
--
ALTER TABLE `user_roles`
    MODIFY `id` int NOT NULL AUTO_INCREMENT, AUTO_INCREMENT=7;

--
-- Ограничения внешнего ключа сохраненных таблиц
--

--
-- Ограничения внешнего ключа таблицы `applications`
--
ALTER TABLE `applications`
    ADD CONSTRAINT `applications_ibfk_1` FOREIGN KEY (`user_id`) REFERENCES `users` (`id`) ON DELETE RESTRICT ON UPDATE RESTRICT,
  ADD CONSTRAINT `applications_ibfk_2` FOREIGN KEY (`status`) REFERENCES `application_status` (`value`) ON DELETE RESTRICT ON UPDATE RESTRICT;

--
-- Ограничения внешнего ключа таблицы `companies`
--
ALTER TABLE `companies`
    ADD CONSTRAINT `companies_ibfk_1` FOREIGN KEY (`location`) REFERENCES `location` (`name`) ON DELETE RESTRICT ON UPDATE RESTRICT;

--
-- Ограничения внешнего ключа таблицы `document_cranes`
--
ALTER TABLE `document_cranes`
    ADD CONSTRAINT `document_cranes_ibfk_1` FOREIGN KEY (`id_fitting`) REFERENCES `fittings` (`id`) ON DELETE RESTRICT ON UPDATE RESTRICT;

--
-- Ограничения внешнего ключа таблицы `drives`
--
ALTER TABLE `drives`
    ADD CONSTRAINT `drives_ibfk_1` FOREIGN KEY (`type_drive`) REFERENCES `types_drives` (`name`) ON DELETE RESTRICT ON UPDATE RESTRICT,
  ADD CONSTRAINT `drives_ibfk_2` FOREIGN KEY (`company`) REFERENCES `companies` (`firm`) ON DELETE RESTRICT ON UPDATE CASCADE,
  ADD CONSTRAINT `drives_ibfk_3` FOREIGN KEY (`liquid`) REFERENCES `liquids` (`name`) ON DELETE RESTRICT ON UPDATE RESTRICT;

--
-- Ограничения внешнего ключа таблицы `fittings`
--
ALTER TABLE `fittings`
    ADD CONSTRAINT `fittings_ibfk_1` FOREIGN KEY (`name_highways`) REFERENCES `highways` (`name`) ON DELETE RESTRICT ON UPDATE CASCADE,
  ADD CONSTRAINT `fittings_ibfk_10` FOREIGN KEY (`crane_class`) REFERENCES `crane_classes` (`name`) ON DELETE RESTRICT ON UPDATE CASCADE,
  ADD CONSTRAINT `fittings_ibfk_11` FOREIGN KEY (`name_crane`) REFERENCES `name_cranes` (`name`) ON DELETE RESTRICT ON UPDATE CASCADE,
  ADD CONSTRAINT `fittings_ibfk_2` FOREIGN KEY (`company`) REFERENCES `companies` (`firm`) ON DELETE RESTRICT ON UPDATE CASCADE,
  ADD CONSTRAINT `fittings_ibfk_3` FOREIGN KEY (`id_malfunction`) REFERENCES `malfunctions` (`id`) ON DELETE RESTRICT ON UPDATE RESTRICT,
  ADD CONSTRAINT `fittings_ibfk_4` FOREIGN KEY (`IUS`) REFERENCES `ius` (`name`) ON DELETE RESTRICT ON UPDATE RESTRICT,
  ADD CONSTRAINT `fittings_ibfk_5` FOREIGN KEY (`unification_crane`) REFERENCES `unification_cranes` (`name`) ON DELETE RESTRICT ON UPDATE RESTRICT,
  ADD CONSTRAINT `fittings_ibfk_7` FOREIGN KEY (`type_reinforcement`) REFERENCES `types_reinforcement` (`name`) ON DELETE RESTRICT ON UPDATE RESTRICT,
  ADD CONSTRAINT `fittings_ibfk_8` FOREIGN KEY (`execution`) REFERENCES `executions` (`name`) ON DELETE RESTRICT ON UPDATE RESTRICT,
  ADD CONSTRAINT `fittings_ibfk_9` FOREIGN KEY (`id_drive`) REFERENCES `drives` (`id`) ON DELETE RESTRICT ON UPDATE RESTRICT;

--
-- Ограничения внешнего ключа таблицы `highways`
--
ALTER TABLE `highways`
    ADD CONSTRAINT `highways_ibfk_1` FOREIGN KEY (`lpumg`) REFERENCES `lpumgs` (`name`) ON DELETE CASCADE ON UPDATE CASCADE;

--
-- Ограничения внешнего ключа таблицы `identified_faults`
--
ALTER TABLE `identified_faults`
    ADD CONSTRAINT `identified_faults_ibfk_1` FOREIGN KEY (`id_user_detection`) REFERENCES `users` (`id`) ON DELETE RESTRICT ON UPDATE RESTRICT,
  ADD CONSTRAINT `identified_faults_ibfk_2` FOREIGN KEY (`id_user_troubleshooting`) REFERENCES `users` (`id`) ON DELETE RESTRICT ON UPDATE RESTRICT,
  ADD CONSTRAINT `identified_faults_ibfk_3` FOREIGN KEY (`id_fitting`) REFERENCES `fittings` (`id`) ON DELETE RESTRICT ON UPDATE RESTRICT;

--
-- Ограничения внешнего ключа таблицы `maintenance`
--
ALTER TABLE `maintenance`
    ADD CONSTRAINT `maintenance_ibfk_1` FOREIGN KEY (`id_fitting`) REFERENCES `fittings` (`id`) ON DELETE RESTRICT ON UPDATE RESTRICT,
  ADD CONSTRAINT `maintenance_ibfk_2` FOREIGN KEY (`id_user`) REFERENCES `users` (`id`) ON DELETE RESTRICT ON UPDATE RESTRICT;

--
-- Ограничения внешнего ключа таблицы `passwords`
--
ALTER TABLE `passwords`
    ADD CONSTRAINT `passwords_ibfk_1` FOREIGN KEY (`user_id`) REFERENCES `users` (`id`) ON DELETE RESTRICT ON UPDATE RESTRICT;

--
-- Ограничения внешнего ключа таблицы `photo_cranes`
--
ALTER TABLE `photo_cranes`
    ADD CONSTRAINT `photo_cranes_ibfk_1` FOREIGN KEY (`id_fitting`) REFERENCES `fittings` (`id`) ON DELETE RESTRICT ON UPDATE RESTRICT;

--
-- Ограничения внешнего ключа таблицы `responses`
--
ALTER TABLE `responses`
    ADD CONSTRAINT `responses_ibfk_1` FOREIGN KEY (`application_id`) REFERENCES `applications` (`id`) ON DELETE CASCADE ON UPDATE RESTRICT,
  ADD CONSTRAINT `responses_ibfk_2` FOREIGN KEY (`status`) REFERENCES `application_status` (`value`) ON DELETE RESTRICT ON UPDATE RESTRICT,
  ADD CONSTRAINT `responses_ibfk_3` FOREIGN KEY (`user_id`) REFERENCES `users` (`id`) ON DELETE RESTRICT ON UPDATE RESTRICT;

--
-- Ограничения внешнего ключа таблицы `responsible_person`
--
ALTER TABLE `responsible_person`
    ADD CONSTRAINT `responsible_person_ibfk_1` FOREIGN KEY (`service_id`) REFERENCES `services` (`id`) ON DELETE CASCADE ON UPDATE CASCADE;

--
-- Ограничения внешнего ключа таблицы `roles_modules`
--
ALTER TABLE `roles_modules`
    ADD CONSTRAINT `roles_modules_ibfk_1` FOREIGN KEY (`id_role`) REFERENCES `user_roles` (`id`) ON DELETE RESTRICT ON UPDATE RESTRICT,
  ADD CONSTRAINT `roles_modules_ibfk_2` FOREIGN KEY (`id_module`) REFERENCES `portal_modules` (`id`) ON DELETE RESTRICT ON UPDATE RESTRICT,
  ADD CONSTRAINT `roles_modules_ibfk_3` FOREIGN KEY (`privilege`) REFERENCES `temp_privilege` (`value`) ON DELETE RESTRICT ON UPDATE RESTRICT;

--
-- Ограничения внешнего ключа таблицы `users`
--
ALTER TABLE `users`
    ADD CONSTRAINT `users_ibfk_1` FOREIGN KEY (`id_role`) REFERENCES `user_roles` (`id`) ON DELETE RESTRICT ON UPDATE RESTRICT;
COMMIT;

/*!40101 SET CHARACTER_SET_CLIENT=@OLD_CHARACTER_SET_CLIENT */;
/*!40101 SET CHARACTER_SET_RESULTS=@OLD_CHARACTER_SET_RESULTS */;
/*!40101 SET COLLATION_CONNECTION=@OLD_COLLATION_CONNECTION */;
